-- phpMyAdmin SQL Dump
-- version 5.0.2
-- https://www.phpmyadmin.net/
--
-- Servidor: localhost
-- Tiempo de generación: 23-12-2020 a las 03:01:20
-- Versión del servidor: 10.4.14-MariaDB
-- Versión de PHP: 7.4.9

SET SQL_MODE = "NO_AUTO_VALUE_ON_ZERO";
START TRANSACTION;
SET time_zone = "+00:00";


/*!40101 SET @OLD_CHARACTER_SET_CLIENT=@@CHARACTER_SET_CLIENT */;
/*!40101 SET @OLD_CHARACTER_SET_RESULTS=@@CHARACTER_SET_RESULTS */;
/*!40101 SET @OLD_COLLATION_CONNECTION=@@COLLATION_CONNECTION */;
/*!40101 SET NAMES utf8mb4 */;

--
-- Base de datos: `proyecto_twitter`
--

-- --------------------------------------------------------

--
-- Estructura de tabla para la tabla `record`
--

CREATE TABLE `record` (
  `record_id` int(11) NOT NULL,
  `user` varchar(40) NOT NULL,
  `tipo_busqueda` varchar(20) NOT NULL,
  `busqueda1` varchar(30) NOT NULL,
  `busqueda2` varchar(30) NOT NULL,
  `datetime` timestamp NOT NULL DEFAULT current_timestamp()
) ENGINE=InnoDB DEFAULT CHARSET=utf8mb4;

--
-- Volcado de datos para la tabla `record`
--

INSERT INTO `record` (`record_id`, `user`, `tipo_busqueda`, `busqueda1`, `busqueda2`, `datetime`) VALUES
(185, 'yo', 'hashtag', 'ps4', 'xbox', '2020-12-17 16:45:47'),
(186, 'yo', 'hashtag', 'ps4', 'xbox', '2020-12-17 16:59:58'),
(187, 'yo', 'hashtag', 'ps4', 'xbox', '2020-12-17 17:01:37'),
(188, 'yo', 'hashtag', 'africa', 'asia', '2020-12-17 17:06:52'),
(189, 'yo', 'hashtag', 'ps4', 'xbox', '2020-12-17 17:08:08'),
(190, 'yo', 'hashtag', 'ps4', 'xbox', '2020-12-17 17:12:41'),
(191, 'yo', 'hashtag', 'ps4', 'xbox', '2020-12-17 17:13:12'),
(192, 'yo', 'hashtag', 'ps4', 'xbox', '2020-12-17 17:13:24'),
(193, 'yo', 'hashtag', 'ps4', 'xbox', '2020-12-17 17:16:26'),
(194, 'yo', 'hashtag', 'xbox', 'ps4', '2020-12-17 17:17:32'),
(195, 'yo', 'hashtag', 'ps4', 'xbox', '2020-12-17 17:18:28'),
(196, 'yo', 'hashtag', 'ps4', 'xbox', '2020-12-17 17:20:44'),
(197, 'yo', 'hashtag', 'ps4', 'xbox', '2020-12-17 17:23:30'),
(198, 'yo', 'hashtag', 'ps4', 'xbox', '2020-12-17 17:24:39'),
(199, 'yo', 'hashtag', 'ps4', 'xbox', '2020-12-17 17:25:24'),
(200, 'yo', 'hashtag', 'ps4', 'xbox', '2020-12-17 17:30:13'),
(201, 'yo', 'hashtag', 'ps4', 'xbox', '2020-12-17 17:31:11'),
(202, 'yo', 'hashtag', 'ps4', 'xbox', '2020-12-17 17:32:28'),
(203, 'yo', 'hashtag', 'ps4', 'xbox', '2020-12-17 17:32:52'),
(204, 'yo', 'hashtag', 'ps4', 'xbox', '2020-12-17 17:33:55'),
(205, 'yo', 'hashtag', 'ps4', 'xbox', '2020-12-17 17:39:05'),
(206, 'yo', 'hashtag', 'spiderman', 'cyberpunk', '2020-12-17 17:41:02'),
(207, 'das', 'hashtag', 'disney', 'ps4', '2020-12-17 18:53:44'),
(208, 'das', 'screen_name', 'Disney', 'realDonaldTrump', '2020-12-17 18:54:50'),
(209, 'das', 'hashtag', 'trump', 'obama', '2020-12-17 18:55:20'),
(210, 'yo', 'screen_name', 'BillGates', 'realDonaldTrump', '2020-12-17 22:48:01'),
(211, 'yo', 'screen_name', 'BillGates', 'cnnbrk', '2020-12-17 22:48:59'),
(212, 'yo', 'screen_name', 'Youtube', 'ddlovato', '2020-12-17 22:51:28'),
(213, 'tu', 'hashtag', 'beer', 'pizza', '2020-12-17 22:52:09'),
(214, 'tu', 'hashtag', 'Italy', 'France', '2020-12-17 22:52:51'),
(215, 'tu', 'hashtag', 'linux', 'windows', '2020-12-17 22:54:10'),
(216, 'tu', 'hashtag', 'apple', 'linux', '2020-12-17 22:54:40'),
(217, 'tu ', 'screen_name', 'justinbieber', 'katyperry', '2020-12-17 23:01:53'),
(218, 'tu ', 'screen_name', 'TheEllenShow', 'jimmyfallon', '2020-12-17 23:04:24'),
(219, 'yo', 'screen_name', 'realDonaldTrump', 'BillGates', '2020-12-18 01:04:27'),
(220, 'yo', 'hashtag', 'ps4', 'xbox', '2020-12-18 01:06:24'),
(221, 'tu', 'hashtag', 'spiderman', 'cyberpunk', '2020-12-18 01:10:59'),
(222, 'yo', 'screen_name', 'TheEllenShow', 'jimmyfallon', '2020-12-18 01:21:04'),
(223, 'tu', 'hashtag', 'Italy', 'Japan', '2020-12-18 01:22:10'),
(224, 'tu', 'hashtag', 'disney', 'marvel', '2020-12-18 01:24:16'),
(225, 'tu', 'hashtag', 'imdb', 'cinema', '2020-12-18 01:25:34'),
(226, 'yo', 'hashtag', 'cyberpunk', 'spiderman', '2020-12-19 00:15:33'),
(227, 'yo', 'hashtag', 'ps4', 'xbox', '2020-12-21 13:05:03'),
(228, 'yo', 'hashtag', 'ps4', 'xbox', '2020-12-21 13:21:02'),
(229, 'yo', 'hashtag', 'nintendo', 'sony', '2020-12-21 14:04:31'),
(230, 'ldslandlsk', 'screen_name', 'realDonaldTrump', 'Disney', '2020-12-21 14:18:13'),
(231, 'ldslandlsk', 'hashtag', 'ps4', 'xbox', '2020-12-21 14:45:49'),
(232, 'ldslandlsk', 'hashtag', 'disney', 'netflix', '2020-12-21 14:46:05'),
(233, 'tu', 'hashtag', 'asia', 'africa', '2020-12-21 15:51:36'),
(234, 'tu', 'hashtag', 'america', 'europe', '2020-12-21 15:51:53'),
(235, 'tu', 'hashtag', 'europe', 'asia', '2020-12-21 15:52:10'),
(236, 'tu', 'hashtag', 'disney', 'netflix', '2020-12-21 15:52:23'),
(237, 'tu', 'hashtag', 'cyberpunk', 'spiderman', '2020-12-21 16:03:06'),
(238, 'Pancho', 'hashtag', 'covid', 'pizza', '2020-12-21 16:12:49'),
(239, 'Pancho', 'hashtag', 'netflix', 'marvel', '2020-12-21 16:13:11'),
(240, 'tu', 'hashtag', 'lego', 'toys', '2020-12-21 16:17:18'),
(241, 'tu', 'hashtag', 'mandalorian', 'starwars', '2020-12-21 16:17:37'),
(242, 'tu', 'hashtag', 'themandalorian', 'starwars', '2020-12-21 16:17:55'),
(243, 'yo', 'hashtag', 'starwars', 'disney', '2020-12-21 16:44:31'),
(244, 'yo', 'hashtag', 'starwars', 'disney', '2020-12-21 16:44:42'),
(245, 'yo', 'hashtag', 'starwars', 'covid', '2020-12-21 16:44:56'),
(246, 'yo', 'hashtag', 'ps4', 'xbox', '2020-12-21 16:45:53'),
(247, 'yo', 'hashtag', 'Italy', 'france', '2020-12-21 18:59:45'),
(248, 'yo', 'hashtag', 'asia', 'europe', '2020-12-21 19:00:02'),
(249, 'yo', 'hashtag', 'football', 'tennis', '2020-12-21 19:10:31'),
(250, 'yo', 'hashtag', 'hot ', 'pizza', '2020-12-21 19:11:04'),
(251, 'yo', 'hashtag', 'hot', 'cold', '2020-12-21 19:11:51'),
(252, 'yo', 'hashtag', 'Christmas', 'Carol', '2020-12-21 19:12:24'),
(253, 'yo', 'hashtag', 'santa', 'jesus', '2020-12-21 19:12:44'),
(254, 'yo', 'screen_name', 'BillGates', 'realDonaldTrump', '2020-12-21 19:13:36'),
(255, 'knadlkas', 'hashtag', 'ps4', 'xbox', '2020-12-21 19:23:24'),
(256, 'yo', 'hashtag', 'spain', 'uk', '2020-12-21 19:31:56'),
(257, 'juan', 'hashtag', 'blm', 'covid', '2020-12-21 22:38:33'),
(258, 'yo', 'hashtag', 'ps4', 'xbox', '2020-12-21 23:05:33');

-- --------------------------------------------------------

--
-- Estructura de tabla para la tabla `record_tweet`
--

CREATE TABLE `record_tweet` (
  `record_id` bigint(20) NOT NULL,
  `tweet_id` bigint(20) NOT NULL
) ENGINE=InnoDB DEFAULT CHARSET=utf8mb4;

--
-- Volcado de datos para la tabla `record_tweet`
--

INSERT INTO `record_tweet` (`record_id`, `tweet_id`) VALUES
(185, 1338971951012974600),
(185, 1339246620236541958),
(185, 1339259281078706182),
(185, 1339016149355343872),
(185, 1339374821369638912),
(185, 1338804943084539906),
(185, 1336480701001109506),
(185, 1339394912291332096),
(185, 1339553439878180866),
(185, 1339379794618793989),
(185, 1339388564262576129),
(185, 1338491568576225282),
(185, 1338891727734796290),
(185, 1338524218418409472),
(185, 1337804477559136261),
(185, 1337219251971637248),
(185, 1337399330307706881),
(185, 1338529453161459713),
(185, 1336800294634737668),
(185, 1338491469477318657),
(186, 1338971951012974600),
(186, 1339246620236541958),
(186, 1339259281078706182),
(186, 1338891727734796290),
(186, 1338524218418409472),
(186, 1337804477559136261),
(187, 1338971951012974600),
(187, 1339246620236541958),
(187, 1339259281078706182),
(187, 1338891727734796290),
(187, 1338524218418409472),
(187, 1337804477559136261),
(188, 1339239954405355520),
(188, 1339154833786494976),
(188, 1339478050816323585),
(188, 1339448388291444741),
(188, 1336589166390329346),
(189, 1338971951012974600),
(189, 1339246620236541958),
(189, 1339259281078706182),
(189, 1338891727734796290),
(189, 1338524218418409472),
(189, 1337804477559136261),
(191, 1338971951012974600),
(191, 1339246620236541958),
(191, 1339259281078706182),
(191, 1339617057361543168),
(191, 1338891727734796290),
(191, 1338524218418409472),
(192, 1338971951012974600),
(192, 1339246620236541958),
(192, 1339259281078706182),
(192, 1339617057361543168),
(192, 1338891727734796290),
(192, 1338524218418409472),
(193, 1338971951012974600),
(193, 1339246620236541958),
(193, 1339259281078706182),
(193, 1339617057361543168),
(193, 1338891727734796290),
(193, 1338524218418409472),
(194, 1339617057361543168),
(194, 1338891727734796290),
(194, 1338524218418409472),
(194, 1338971951012974600),
(194, 1339246620236541958),
(194, 1339259281078706182),
(195, 1338971951012974600),
(195, 1339246620236541958),
(195, 1339259281078706182),
(195, 1339617057361543168),
(195, 1338891727734796290),
(195, 1338524218418409472),
(196, 1338971951012974600),
(196, 1339246620236541958),
(196, 1339259281078706182),
(196, 1339617057361543168),
(196, 1338891727734796290),
(196, 1338524218418409472),
(197, 1338971951012974600),
(197, 1339246620236541958),
(197, 1339259281078706182),
(197, 1339617057361543168),
(197, 1338891727734796290),
(197, 1338524218418409472),
(198, 1338971951012974600),
(198, 1339246620236541958),
(198, 1339259281078706182),
(198, 1339617057361543168),
(198, 1338891727734796290),
(198, 1338524218418409472),
(199, 1338971951012974600),
(199, 1339246620236541958),
(199, 1339259281078706182),
(199, 1339617057361543168),
(199, 1338891727734796290),
(199, 1338524218418409472),
(200, 1338971951012974600),
(200, 1339246620236541958),
(200, 1339259281078706182),
(200, 1339617057361543168),
(200, 1338891727734796290),
(200, 1338524218418409472),
(201, 1338971951012974600),
(201, 1339246620236541958),
(201, 1339259281078706182),
(201, 1339617057361543168),
(201, 1338891727734796290),
(201, 1338524218418409472),
(202, 1338971951012974600),
(202, 1339246620236541958),
(202, 1339259281078706182),
(202, 1339617057361543168),
(202, 1338891727734796290),
(202, 1338524218418409472),
(203, 1338971951012974600),
(203, 1339246620236541958),
(203, 1339259281078706182),
(203, 1339617057361543168),
(203, 1338891727734796290),
(203, 1338524218418409472),
(204, 1338971951012974600),
(204, 1339246620236541958),
(204, 1339259281078706182),
(204, 1339617057361543168),
(204, 1338891727734796290),
(204, 1338524218418409472),
(205, 1338971951012974600),
(205, 1339246620236541958),
(205, 1339259281078706182),
(205, 1339617057361543168),
(205, 1338891727734796290),
(205, 1338524218418409472),
(206, 1339606491297361926),
(206, 1336508889735426049),
(206, 1336656886163189762),
(206, 1337203588980826115),
(206, 1336538430134603776),
(206, 1337201673639432193),
(206, 1336793213307400200),
(206, 1338459984389173248),
(206, 1336678097488404485),
(206, 1339276914314383364),
(206, 1336826802858299393),
(206, 1339383570285137920),
(206, 1338891966013063169),
(206, 1336943752607379456),
(206, 1338907582363181061),
(206, 1336946724292718592),
(206, 1336882430980964353),
(206, 1339553439878180866),
(207, 1339573765466943489),
(207, 1337159977316847619),
(207, 1337195451313958913),
(207, 1338971951012974600),
(207, 1339246620236541958),
(207, 1339259281078706182),
(208, 1339563497508630528),
(208, 1339591667393777665),
(208, 1339607688293003264),
(208, 1336801534663946240),
(208, 1338317316249899009),
(208, 1339023642051612672),
(209, 1339347710843994113),
(209, 1339292543813562368),
(209, 1339220363188768770),
(209, 1339075934675210242),
(209, 1339053826360356870),
(209, 1339592415636672515),
(209, 1339369027823669254),
(209, 1338986774534696962),
(209, 1339029705979289602),
(209, 1338959517187407872),
(209, 1339276606670565377),
(209, 1339326532892954626),
(209, 1339367259756752897),
(209, 1337089941407477761),
(209, 1336935208361353216),
(209, 1338249990376972295),
(210, 1339410338941427714),
(210, 1339331869217878019),
(210, 1339046368766267393),
(210, 1338977204634611713),
(210, 1336744550673641472),
(210, 1339638616084148225),
(210, 1339340068415221761),
(211, 1339410338941427714),
(211, 1339331869217878019),
(211, 1339046368766267393),
(211, 1338977204634611713),
(211, 1336744550673641472),
(211, 1338304679630032897),
(211, 1336945349320204289),
(211, 1338244481921892352),
(211, 1338165435557158914),
(212, 1339265635415633921),
(212, 1339366688333164544),
(212, 1339698719906701313),
(212, 1339602910410248194),
(212, 1339588191544754177),
(212, 1339578313770201088),
(212, 1339567029637033984),
(212, 1339052226271195138),
(212, 1339692717740183553),
(212, 1339057443771396097),
(212, 1338974671346290688),
(213, 1338308125368184833),
(213, 1337712354558001153),
(213, 1338805343510360065),
(213, 1337693011522637829),
(214, 1339232179465797632),
(214, 1339314358103371776),
(214, 1339603285150298123),
(214, 1339114287139225602),
(214, 1339134710908395521),
(214, 1339572821798825984),
(214, 1339218756216774657),
(214, 1339570452918747136),
(214, 1339635219591098368),
(214, 1339266344836096001),
(214, 1339572821798825984),
(214, 1339488057746190336),
(215, 1339312745536233474),
(215, 1339545130584444929),
(215, 1338806518855000064),
(215, 1339047043713601536),
(216, 1339375939369615360),
(216, 1339241132497096704),
(216, 1339431962042224640),
(216, 1339378474948157441),
(216, 1339187211305103368),
(216, 1339366415053275142),
(216, 1339312745536233474),
(216, 1339545130584444929),
(216, 1338806518855000064),
(216, 1338907386774495234),
(216, 1338755219665063936),
(216, 1338432209737412611),
(217, 1339262010530250754),
(217, 1339254222118932483),
(217, 1339384830790930432),
(217, 1338860447127113729),
(217, 1339284378057240576),
(217, 1338899121453723651),
(217, 1339258498702594050),
(217, 1339248865409568768),
(217, 1339598746330394627),
(217, 1339243913585029123),
(217, 1339256589274902529),
(217, 1338619818673573893),
(218, 1337098125891211270),
(218, 1336517335495032832),
(218, 1336511702440030208),
(218, 1337737131502915592),
(218, 1337910074728198144),
(218, 1339697921478967296),
(218, 1339628714448044032),
(218, 1339577699317116930),
(218, 1339368480173400067),
(218, 1339432634812751872),
(218, 1339601747925352449),
(219, 1339612717498441736),
(219, 1339340068415221761),
(219, 1339410338941427714),
(219, 1339331869217878019),
(219, 1339046368766267393),
(219, 1338977204634611713),
(219, 1336744550673641472),
(220, 1339246620236541958),
(220, 1339259281078706182),
(220, 1338971951012974600),
(220, 1339509398511755265),
(220, 1339016149355343872),
(220, 1339553439878180866),
(220, 1338804943084539906),
(220, 1338491568576225282),
(220, 1338344224870309890),
(220, 1337004141810339840),
(220, 1338163682686214147),
(220, 1339691849045434369),
(220, 1339566328848543744),
(220, 1337804477559136261),
(220, 1338891727734796290),
(220, 1337219251971637248),
(220, 1337399330307706881),
(220, 1338529453161459713),
(220, 1336800294634737668),
(220, 1338491469477318657),
(221, 1339606491297361926),
(221, 1339535555231510529),
(221, 1339690594675912704),
(221, 1339735892177641477),
(221, 1336656886163189762),
(221, 1337203588980826115),
(221, 1337201673639432193),
(221, 1336793213307400200),
(221, 1336678097488404485),
(221, 1337638369556197378),
(221, 1337892547956338688),
(221, 1337201956675149824),
(221, 1339276914314383364),
(221, 1336826802858299393),
(221, 1339625163130847241),
(221, 1336943752607379456),
(221, 1336946724292718592),
(221, 1336882430980964353),
(221, 1339553439878180866),
(221, 1336962415850782722),
(221, 1337054507566575617),
(221, 1338891966013063169),
(221, 1336932646669099008),
(221, 1338591021693747201),
(222, 1337098125891211270),
(222, 1337737131502915592),
(222, 1337910074728198144),
(222, 1338262888482410499),
(222, 1336793618221133824),
(222, 1339368480173400067),
(222, 1339601747925352449),
(222, 1337155617773944832),
(222, 1336777716885053440),
(222, 1336818990480388096),
(222, 1338937194698838016),
(222, 1336866214220423168),
(222, 1336859986467508226),
(222, 1337149187205509121),
(223, 1339314358103371776),
(223, 1339232179465797632),
(223, 1339114287139225602),
(223, 1339134710908395521),
(223, 1339572821798825984),
(223, 1339317564078493699),
(223, 1339125680538316800),
(223, 1339308315537362944),
(223, 1339191546189471744),
(223, 1339188526278205441),
(223, 1339199616986673154),
(223, 1339581135974789120),
(224, 1339674244708352000),
(224, 1339573765466943489),
(224, 1337159977316847619),
(224, 1339606491297361926),
(224, 1339238961106051073),
(224, 1339535555231510529),
(225, 1339618118889480192),
(225, 1337678872079290368),
(225, 1338479563475570696),
(225, 1337624202765946880),
(225, 1336908769163284481),
(226, 1339755392482480128),
(226, 1339960010953150464),
(226, 1339740101455171584),
(226, 1339276914314383364),
(226, 1339934648412090370),
(226, 1339915825537572865),
(226, 1339606491297361926),
(226, 1339535555231510529),
(226, 1339886887713067010),
(226, 1337203588980826115),
(226, 1337201673639432193),
(226, 1338459984389173248),
(227, 1340731198981726211),
(227, 1340956452610060297),
(227, 1340414265686167552),
(227, 1340658215885922306),
(227, 1340367474089472002),
(227, 1340674901791924228),
(228, 1340731198981726211),
(228, 1340956452610060297),
(228, 1340414265686167552),
(228, 1340658215885922306),
(228, 1340367474089472002),
(228, 1340674901791924228),
(229, 1340599079387205634),
(229, 1340356297477255168),
(229, 1340786355522060290),
(229, 1340731198981726211),
(229, 1340956452610060297),
(229, 1338039716663472129),
(230, 1340430848227741702),
(230, 1340693200760156164),
(230, 1340857683658813442),
(230, 1340793581146148865),
(230, 1340310922024398848),
(230, 1339969847069851650),
(230, 1338317316249899009),
(230, 1340302215643316228),
(230, 1339591667393777665),
(231, 1340731198981726211),
(231, 1340956452610060297),
(231, 1340414265686167552),
(231, 1338971951012974600),
(231, 1340987890151677952),
(231, 1339903238041075712),
(231, 1338804943084539906),
(231, 1338491568576225282),
(231, 1339994115442925569),
(231, 1340658215885922306),
(231, 1340367474089472002),
(231, 1340674901791924228),
(231, 1340945136319082496),
(231, 1339617057361543168),
(231, 1338529453161459713),
(231, 1338491469477318657),
(232, 1340748870381416448),
(232, 1340386447052988417),
(232, 1340999972242804737),
(232, 1338028593520185346),
(232, 1340003365732966400),
(232, 1339674244708352000),
(232, 1340699248225103874),
(232, 1340406494861250560),
(232, 1340975714095353857),
(232, 1339637645647876102),
(232, 1339635403112902656),
(232, 1339837968220004353),
(233, 1340582994982014983),
(233, 1340871273711161350),
(233, 1340590293578608640),
(233, 1340642467167707138),
(233, 1341020611263553537),
(233, 1340836346013888518),
(234, 1340766349363179521),
(234, 1340327837564362754),
(234, 1340333592220758022),
(234, 1340295921276432385),
(234, 1339220016051392512),
(234, 1338403719369682944),
(234, 1340114765453115397),
(234, 1339743022305710080),
(234, 1341024382181756929),
(234, 1340732940213497861),
(234, 1341024935267938306),
(234, 1340987418049130503),
(234, 1341017523026878464),
(234, 1340986624340090881),
(234, 1341035714105012224),
(234, 1341009274164502528),
(234, 1341028149564456965),
(234, 1341010387366395905),
(234, 1341001701382242304),
(234, 1340917765314670594),
(235, 1341024382181756929),
(235, 1340732940213497861),
(235, 1341024935267938306),
(235, 1340987418049130503),
(235, 1341017523026878464),
(235, 1340986624340090881),
(235, 1341035714105012224),
(235, 1341009274164502528),
(235, 1341028149564456965),
(235, 1341010387366395905),
(235, 1341001701382242304),
(235, 1340917765314670594),
(235, 1340582994982014983),
(235, 1340871273711161350),
(235, 1340590293578608640),
(235, 1340927656028618752),
(235, 1340953679738728448),
(235, 1340954312755830784),
(236, 1340748870381416448),
(236, 1340386447052988417),
(236, 1340999972242804737),
(236, 1338028593520185346),
(236, 1340003365732966400),
(236, 1339674244708352000),
(236, 1340126281170624513),
(236, 1338606671476764673),
(236, 1338360803766972417),
(236, 1340699248225103874),
(236, 1340406494861250560),
(236, 1340975714095353857),
(236, 1339637645647876102),
(236, 1339635403112902656),
(236, 1339837968220004353),
(236, 1339833001543266305),
(236, 1339775835549495298),
(236, 1339912541569384448),
(236, 1339636088965455873),
(236, 1339632875482693632),
(236, 1339778242148909056),
(237, 1340341797411819520),
(237, 1340888608232808448),
(237, 1339276914314383364),
(237, 1340818022076968960),
(237, 1340248014653427712),
(237, 1338891966013063169),
(237, 1338591021693747201),
(237, 1339755392482480128),
(237, 1339960010953150464),
(237, 1338907582363181061),
(237, 1338330378097078273),
(237, 1339740101455171584),
(237, 1340452026568720386),
(237, 1340865959188451329),
(237, 1339606491297361926),
(237, 1338459984389173248),
(237, 1339535555231510529),
(237, 1340146085994512384),
(237, 1337892547956338688),
(238, 1340660589501313026),
(238, 1340753668136722433),
(238, 1340759111781076992),
(238, 1340669690096594945),
(238, 1340861304400187392),
(238, 1340730148509937664),
(238, 1338805343510360065),
(239, 1340699248225103874),
(239, 1340406494861250560),
(239, 1340975714095353857),
(239, 1339637645647876102),
(239, 1339635403112902656),
(239, 1339837968220004353),
(239, 1340495910829248512),
(239, 1340426699985608706),
(239, 1340446859731603461),
(239, 1340565851574038533),
(239, 1340872992281268224),
(239, 1340387982038061057),
(240, 1339301818418032643),
(240, 1340956840570576897),
(240, 1340884771463901185),
(240, 1339933458206961666),
(240, 1338808596700803073),
(240, 1338091323686084609),
(240, 1340329806861316098),
(240, 1339608889340219393),
(240, 1338199663204175873),
(241, 1340406648838508544),
(241, 1340439441555533824),
(241, 1340492630384242688),
(241, 1340760339139313664),
(241, 1340490233259954176),
(241, 1340756764325629952),
(241, 1341028730853011457),
(241, 1341016663685251079),
(241, 1340866136917696515),
(241, 1340799191342301186),
(241, 1340479982569545733),
(241, 1340898543855259652),
(242, 1340763935839047681),
(242, 1340703508740227077),
(242, 1341013962616229890),
(242, 1341031787225616385),
(242, 1340873297639043072),
(242, 1341029931921383426),
(242, 1340406806082797569),
(242, 1340857321342214144),
(242, 1340454657521573888),
(242, 1341028730853011457),
(242, 1341016663685251079),
(242, 1340866136917696515),
(242, 1340799191342301186),
(242, 1340479982569545733),
(242, 1340898543855259652),
(242, 1340742250146349056),
(242, 1340771487314190336),
(242, 1340787814678495232),
(243, 1341028730853011457),
(243, 1341016663685251079),
(243, 1340866136917696515),
(243, 1340748870381416448),
(243, 1340386447052988417),
(243, 1340003365732966400),
(244, 1341028730853011457),
(244, 1341016663685251079),
(244, 1340866136917696515),
(244, 1340799191342301186),
(244, 1341060838510084097),
(244, 1340479982569545733),
(244, 1340898543855259652),
(244, 1340742250146349056),
(244, 1340771487314190336),
(244, 1340787814678495232),
(244, 1340707076784467969),
(244, 1340700592080076801),
(244, 1340748870381416448),
(244, 1340386447052988417),
(244, 1340003365732966400),
(244, 1339674244708352000),
(244, 1340126281170624513),
(244, 1338606671476764673),
(244, 1338360803766972417),
(245, 1341028730853011457),
(245, 1341016663685251079),
(245, 1340866136917696515),
(245, 1340799191342301186),
(245, 1341060838510084097),
(245, 1340479982569545733),
(245, 1340898543855259652),
(245, 1340742250146349056),
(245, 1340771487314190336),
(245, 1340787814678495232),
(245, 1340707076784467969),
(245, 1340700592080076801),
(245, 1340660589501313026),
(245, 1340753668136722433),
(245, 1340759111781076992),
(245, 1340669690096594945),
(245, 1340861304400187392),
(245, 1340730148509937664),
(245, 1340441776444878849),
(245, 1340710530621685760),
(245, 1340980638963310592),
(245, 1340887975887048704),
(245, 1340777418081099780),
(245, 1340543976164745221),
(246, 1340731198981726211),
(246, 1340956452610060297),
(246, 1340414265686167552),
(246, 1338971951012974600),
(246, 1340987890151677952),
(246, 1339903238041075712),
(246, 1338804943084539906),
(246, 1338491568576225282),
(246, 1339994115442925569),
(246, 1338344224870309890),
(246, 1339663103017938945),
(246, 1338163682686214147),
(246, 1340658215885922306),
(246, 1340367474089472002),
(246, 1340674901791924228),
(246, 1341058439318036485),
(246, 1340945136319082496),
(246, 1339617057361543168),
(246, 1338529453161459713),
(246, 1338491469477318657),
(247, 1340642884832378880),
(247, 1340843434240708609),
(247, 1340742435975147523),
(247, 1340665761841344522),
(247, 1340889581298753536),
(247, 1340649402122252289),
(247, 1340822499181752321),
(247, 1340374732571598848),
(247, 1340919679146029056),
(247, 1340733250583588866),
(247, 1340808456811532289),
(247, 1340763857443237888),
(247, 1340733707930521600),
(247, 1340743241377955842),
(247, 1340986624340090881),
(247, 1340723041421172736),
(247, 1340926944150433792),
(247, 1340802158938173442),
(248, 1340582994982014983),
(248, 1340871273711161350),
(248, 1340590293578608640),
(248, 1340927656028618752),
(248, 1340954312755830784),
(248, 1341024382181756929),
(248, 1340732940213497861),
(248, 1341069772369215488),
(248, 1341064255378886657),
(248, 1341035714105012224),
(248, 1341010387366395905),
(249, 1340803424951136259),
(249, 1340818174728679425),
(249, 1340771420004085764),
(249, 1340966144023252992),
(249, 1339662603006537729),
(250, 1340583925085655041),
(250, 1340583199068438528),
(250, 1338805343510360065),
(251, 1340583925085655041),
(251, 1340583199068438528),
(251, 1341032315879878662),
(251, 1341081244323491840),
(251, 1339907494626414592),
(252, 1340733969386647558),
(252, 1340571406988439554),
(252, 1340590678473105408),
(252, 1338860449731760130),
(253, 1340472437398532097),
(253, 1340774267386916865),
(253, 1340444708347195395),
(253, 1340630361039138817),
(253, 1340494383334998021),
(253, 1340601337386594307),
(254, 1340426992194363394),
(254, 1340669541794394112),
(254, 1340693200760156164),
(255, 1341084267787350016),
(255, 1340731198981726211),
(255, 1341074713477574661),
(255, 1340658215885922306),
(255, 1340674901791924228),
(255, 1340367474089472002),
(256, 1341027547446951936),
(256, 1340789148169465858),
(256, 1340649558603382784),
(256, 1340990406444498952),
(256, 1340660754089975815),
(256, 1340843434240708609),
(257, 1340672274173669376),
(257, 1338204129592741891),
(257, 1338201554952785920),
(257, 1340660589501313026),
(257, 1340753668136722433),
(257, 1340759111781076992),
(258, 1341084267787350016),
(258, 1340956452610060297),
(258, 1340731198981726211),
(258, 1340658215885922306),
(258, 1340674901791924228),
(258, 1341102734674513922);

-- --------------------------------------------------------

--
-- Estructura de tabla para la tabla `tweet`
--

CREATE TABLE `tweet` (
  `tweet_id` bigint(20) UNSIGNED NOT NULL,
  `busqueda` varchar(50) NOT NULL,
  `screen_name` varchar(50) NOT NULL,
  `date` datetime NOT NULL,
  `text` text NOT NULL,
  `link` varchar(50) NOT NULL,
  `favorite_count` int(10) UNSIGNED NOT NULL,
  `retweet_count` int(10) UNSIGNED NOT NULL,
  `hashtags` varchar(100) NOT NULL,
  `user_mentions` varchar(100) NOT NULL
) ENGINE=InnoDB DEFAULT CHARSET=utf8mb4;

--
-- Volcado de datos para la tabla `tweet`
--

INSERT INTO `tweet` (`tweet_id`, `busqueda`, `screen_name`, `date`, `text`, `link`, `favorite_count`, `retweet_count`, `hashtags`, `user_mentions`) VALUES
(1336508889735426049, 'spiderman', 'GSCinemas', '2020-12-09 04:12:05', 'The #Spiderman Multiverse is getting even more exciting! \n\nAfter the confirmation of Jamie Foxx coming back as Electro, Alfred Molina is now confirmed to return as Doctor Octopus in the next Spider-Man film too! \n\n#Spiderman3 is expected to release in GSC December 2021! ', 'https://t.co/RS5Q3lCLUI', 892, 358, 'Spiderman , Spiderman3', ''),
(1336511702440030208, 'TheEllenShow', 'leslieodomjr', '2020-12-09 04:23:15', 'Tomorrow 🤘🏾 @TheEllenShow ', 'https://t.co/izXHJjmX9X', 2302, 48, '', 'TheEllenShow'),
(1336538430134603776, 'spiderman', 'TomTaylorMade', '2020-12-09 06:09:28', 'The cashless debit card is an attack on Australian people by the increasingly cruel Morrison government.\nInstead of giving to those who need it, these heartless thugs are taking more from them - their autonomy.\n#SpiderMan learned this lesson as a child.\n#RejectCDCRex #Auspol ', 'https://t.co/w0ToQwsGIG', 628, 128, 'SpiderMan , RejectCDCRex , Auspol', ''),
(1336656886163189762, 'spiderman', 'pushsquare', '2020-12-09 14:00:10', 'Spider-Man: Miles Morales PS5 Update Adds Ray Tracing at 60FPS, Here\'s What it Looks Like https://t.co/o9STTqrZrQ #Sony #PS5 #SpiderMan #Updates ', 'https://t.co/i8BBVOUvhO', 4207, 284, 'Sony , PS5 , SpiderMan , Updates', ''),
(1336678097488404485, 'spiderman', 'FrankKhalidUK', '2020-12-09 15:24:27', 'Great news for #SpiderMan3 fans!!! Jamie Foxx, Electro &amp; Alfred Molina, Doc. Octopus will be in the movie. #SpiderMan #SpiderVerse ', 'https://t.co/9WvYNi3yWX', 653, 38, 'SpiderMan3 , SpiderMan , SpiderVerse', ''),
(1336744550673641472, 'BillGates', 'PakPMO', '2020-12-09 19:48:31', 'Prime Minister @ImranKhanPTI held a telephone conversation today with @BillGates, co-chair of the Bill &amp; Melinda Gates Foundation.\n\nViews were exchanged on the COVID-19 situation and Polio eradication efforts in Pakistan. ', 'https://t.co/8axzdo8tpU', 2455, 272, '', 'ImranKhanPTI , BillGates'),
(1336777716885053440, 'jimmyfallon', 'DollyParton', '2020-12-09 22:00:18', 'Say cheese, @jimmyfallon 📸 \n\nVisit https://t.co/WBiihRtdBE to make your very own personalized Christmas card! ', 'https://t.co/RJENRbeoiJ', 2373, 153, '', 'jimmyfallon'),
(1336793213307400200, 'spiderman', 'ComicBook', '2020-12-09 23:01:53', 'Tobey Maguire was spotted arriving for a costume fitting admist #SpiderMan 3 casting rumors:\n\nhttps://t.co/bR9Xd0Lp22 ', 'https://t.co/5DH6qs773B', 639, 60, 'SpiderMan', ''),
(1336793618221133824, 'TheEllenShow', 'tayshia', '2020-12-09 23:03:29', 'Catch me on @TheEllenShow today ✨ ', 'https://t.co/YhdwLhZrvU', 854, 25, '', 'TheEllenShow'),
(1336800294634737668, 'xbox', 'ID_Xbox', '2020-12-09 23:30:01', 'Party up with friends from all around the world to chat, hang out and explore millions of player-created rooms, or build your own!\n\nBuild &amp; play together in Rec Room from @recroom available on #Xbox\n\n➡️ https://t.co/CxlEEEhkTu ', 'https://t.co/aBgaTkKrnI', 93, 21, 'Xbox', 'recroom'),
(1336801534663946240, 'Disney', 'Noelle_CD', '2020-12-09 23:34:57', 'OK @Disney, you still have a little bit of time to change your mind about this whole not casting #JIMIN as Prince Eric thing. \n\nActually, cast him as ALL the Princes. I mean, LOOK AT THIS MAN. HE\'S A LIVING, BREATHING DISNEY PRINCE. MY GAWD. #BTS @BTS_twt ', 'https://t.co/kt4Xy6YnqI', 1104, 414, 'JIMIN , BTS', 'Disney , BTS_twt'),
(1336826802858299393, 'cyberpunk', 'CyberpunkGame', '2020-12-10 01:15:21', '#Cyberpunk 2077 is now available globally on @GOGcom, @Steam and @EpicGames! ', 'https://t.co/tQAc1MceZM', 61377, 4673, 'Cyberpunk', 'GOGcom , Steam , EpicGames'),
(1336866214220423168, 'jimmyfallon', 'Meghan_Trainor', '2020-12-10 03:51:57', 'Can’t wait for you to see our performance of #HOLIDAYS with @EarthWindFire on @FallonTonight at 11:35/10:35c!!!🎉😍 @jimmyfallon 🍾 ', 'https://t.co/rOmzMy4hap', 681, 73, 'HOLIDAYS', 'EarthWindFire , FallonTonight , jimmyfallon'),
(1336908769163284481, 'cinema', 'PuneTimesOnline', '2020-12-10 06:41:03', '.@RanveerOfficial completes 10 years in #Bollywood and marks the ocassion by returning to the cinema hall. Calls it the \'sacred chamber of dreams\'. #RanveerSingh #cinema ', 'https://t.co/FygDjvu63x', 86, 20, 'Bollywood , RanveerSingh , cinema', 'RanveerOfficial'),
(1336932646669099008, 'cyberpunk', 'MegaRan', '2020-12-10 08:15:56', 'I’m kinda mad at the #Cyberpunk customization options. I can choose the size of my genitals but there are NO OPTIONS FOR DIFFERENT BODY TYPE?!? No fatties in the future, eh. Word. ', 'https://t.co/zCWnQXxU7u', 323, 36, 'Cyberpunk', ''),
(1336935208361353216, 'obama', 'JillWineBanks', '2020-12-10 08:26:07', 'Listen to a fun, enlightening podcast w @PeteSouza. I wore a special #JillsPin for him: a camera. Talked about his career, #Obama, #Reagan, his books &amp; documentary, and he gave me advice on writing a photo book about what my pins tell about the Trump administration. https://t.co/UWUzKbEBBV ', 'https://t.co/SYqWRWAtO2', 383, 48, 'JillsPin , Obama , Reagan', 'PeteSouza'),
(1336943752607379456, 'cyberpunk', 'EBGamesAus', '2020-12-10 09:00:04', 'To celebrate the launch of Cyberpunk 2077, we\'ve got 5 Limited Edition Xbox Wireless Controllers to give away thanks to our friends at @XboxANZ!\n\nFor your chance to WIN, like this post and RT! GOOD LUCK!\n\n#Cyberpunk2077 #Cyberpunk ', 'https://t.co/0dvISPgGIp', 2933, 2142, 'Cyberpunk2077 , Cyberpunk', 'XboxANZ'),
(1336945349320204289, 'BillGates', 'piersmorgan', '2020-12-10 09:06:25', 'Hi Wayne, yes, @BillGates paid me $1 billion to big up the vaccines so that we could implant a chip inside you, control your brain, &amp; turn you into a village idiot. And it\'s clearly working! ', 'https://t.co/ipROKZViA9', 8181, 244, '', 'BillGates'),
(1336946724292718592, 'cyberpunk', 'BrawlStars', '2020-12-10 09:11:52', 'We\'re taking the day off... 👋\n@CyberpunkGame #Cyberpunk #cyberpunk2077 ', 'https://t.co/OpTfKJgVkJ', 10558, 580, 'Cyberpunk , cyberpunk2077', 'CyberpunkGame'),
(1337004141810339840, 'ps4', 'koeitecmoeurope', '2020-12-10 13:00:02', 'Behind Door No. 10 of the #KTAdventCalendar is a digital copy of #RTK14 on #PS4, just in time to celebrate the #RTK35thAnniversary!\n\n🎁Follow &amp; RT for a chance to win!\n🎁T&amp;Cs: https://t.co/w4txa7Jegu\n#KTFamily #giveaway ', 'https://t.co/CmlIOwOQfE', 90, 106, 'KTAdventCalendar , RTK14 , PS4 , RTK35thAnniversary , KTFamily , giveaway', ''),
(1337054507566575617, 'cyberpunk', 'CrucialMemory', '2020-12-10 16:20:10', 'Our buddies over @V1Tech hooked us up with some very #Cyberpunk lookin GPU backplates to giveaway. If you\'re going to call in sick today, might as well be in style 😆\n\nhttps://t.co/CFB3eoV7FI ', 'https://t.co/YnfPvRwRIC', 102, 233, 'Cyberpunk', 'V1Tech'),
(1337089941407477761, 'obama', 'SamanthaJPower', '2020-12-10 18:40:58', '.@AmbassadorRice is an inspired choice to run Domestic Policy Council at the @WhiteHouse. Thread on a few of the many reasons why:\n* As #Obama NSA, she ran inclusive, incredibly complex processes, drawing all govt agencies together, welcoming dissent, getting huge things done 1/3 ', 'https://t.co/MztJN5CGud', 779, 93, 'Obama', 'AmbassadorRice , WhiteHouse'),
(1337098125891211270, 'TheEllenShow', 'DrEricDing', '2020-12-10 19:13:29', 'JUST IN—Ellen DeGeneres tests #COVID19 positive. @TheEllenShow returned to the studio in the fall—the show has **featured a small in-studio audience**. Show has now paused production until January.\n', 'https://t.co/U1rJKFnA9d', 263, 71, 'COVID19', 'TheEllenShow'),
(1337149187205509121, 'jimmyfallon', 'finneas', '2020-12-10 22:36:23', 'Thank you to everyone who helped make this happen, @artperezjr, the crew, my team and thank you to @jimmyfallon  and @FallonTonight  for airing it. Happy Holidays. ❤️ ', 'https://t.co/QkLTU3Fh8j', 1225, 54, '', 'artperezjr , jimmyfallon , FallonTonight'),
(1337155617773944832, 'jimmyfallon', 'springsteen', '2020-12-10 23:01:57', 'Before this weekend\'s SNL, Bruce visits @FallonTonight for a chat with @jimmyfallon. Tune in! ', 'https://t.co/5YXGS6XrYm', 2819, 224, '', 'FallonTonight , jimmyfallon'),
(1337159977316847619, 'disney', 'RottenTomatoes', '2020-12-10 23:19:16', 'Disney has announced that over the next few years, we will see: \n\n10 #Marvel series\n10 #StarWars series\n15 #Disney live-action, animation, and #Pixar series\n15 Disney live-action, animation, and Pixar features\n\nEach title will premiere directly on #DisneyPlus. ', 'https://t.co/MoNXjRJQFo', 997, 186, 'Marvel , StarWars , Disney , Pixar , DisneyPlus', ''),
(1337195451313958913, 'disney', 'GraceRandolph', '2020-12-11 01:40:14', 'OMG #BuzzLightyear ORIGIN STORY\n\nwith #ChrisEvans as the VOICE!!!!!!\n\n#Lightyear #Disney #PixarSoul ', 'https://t.co/jwzHBr2EjR', 2605, 200, 'BuzzLightyear , ChrisEvans , Lightyear , Disney , PixarSoul', ''),
(1337201673639432193, 'spiderman', 'ComicBook', '2020-12-11 02:04:57', 'WHOA! #Marvel just confirmed the #FantasticFour reboot is in the works from #SpiderMan director Jon Watts\nhttps://t.co/rZBzsTsSPF ', 'https://t.co/A25WERzD8d', 790, 86, 'Marvel , FantasticFour , SpiderMan', ''),
(1337201956675149824, 'spiderman', 'DEADLINE', '2020-12-11 02:06:05', 'Marvel Chief Kevin Feige says a new Fantastic Four movie is in development with #SpiderMan Homecoming filmmaker Jon Watts\n\n#DisneyInvestorDay ', 'https://t.co/QCI31gwNVP', 210, 33, 'SpiderMan , DisneyInvestorDay', ''),
(1337203588980826115, 'spiderman', 'RottenTomatoes', '2020-12-11 02:12:34', '#SpiderMan director Jon Watts will direct #MCU\'s first Fantastic Four movie. ', 'https://t.co/aBWDmH5QZu', 899, 118, 'SpiderMan , MCU', ''),
(1337219251971637248, 'xbox', 'MSFSofficial', '2020-12-11 03:14:48', '\"Xbox when?\"  - Summer 2021 for Xbox Series X|S . \n\nAlso in today\'s news:\n\nDev Update- https://t.co/9pm5nzPuqw\n\n#microsoftflightsimulator #xbox ', 'https://t.co/SC2vCQXsSD', 669, 94, 'microsoftflightsimulator , xbox', ''),
(1337399330307706881, 'xbox', 'godfree', '2020-12-11 15:10:22', 'Unreleased video: This is my favorite part of the interview with Keanu Reeves. I had to ask him about the @Xbox E3 2019 press conference moment. #Xbox #videogames #KeanuReeves #Cyberpunk2077 ', 'https://t.co/kWWZ30IUAI', 673, 83, 'Xbox , videogames , KeanuReeves , Cyberpunk2077', 'Xbox'),
(1337638369556197378, 'spiderman', 'THR', '2020-12-12 07:00:14', 'Jon Watts, the director of the Tom Holland-starring #SpiderMan movies, will helm a new #FantasticFour movie https://t.co/oQ3EA3TOBz ', 'https://t.co/VmoZxcF22f', 373, 16, 'SpiderMan , FantasticFour', ''),
(1337678872079290368, 'imdb', 'latestly', '2020-12-12 09:41:10', '#RajinikanthBirthday Special: 7 Highest-Rated Films of #Thalaivar According to #IMDB and Where to Watch Them Online (LatestLY Exclusive)\n\n@rajinikanth #HBDRajiniKanth @IMDb @RajiniFC @Rajni_FC \n', 'https://t.co/AQpLUUMgKU', 53, 46, 'RajinikanthBirthday , Thalaivar , IMDB , HBDRajiniKanth', 'rajinikanth , IMDb , RajiniFC , Rajni_FC'),
(1337693011522637829, 'pizza', 'anjileeistwal', '2020-12-12 10:37:21', 'Pizza-burger Langar is a thing in Punjab. there is no reason for them to not eat what they want while protesting. Here is a video of such a langar I shot of one such langar where they were making more than 800 pizzas a day #pizza ', 'https://t.co/9BTeGaNAs1', 501, 68, 'pizza', ''),
(1337712354558001153, 'pizza', 'TheDeshBhakt', '2020-12-12 11:54:13', 'First #biryani now #pizza !!!\nIs this some sort of ploy to get even more people to join the #FarmersProtests !!! 😱\n- https://t.co/JbLcNDmwgD ', 'https://t.co/aLbTJ6c9PM', 954, 102, 'biryani , pizza , FarmersProtests', ''),
(1337737131502915592, 'TheEllenShow', 'Surgeon_General', '2020-12-12 13:32:40', 'A message to America, and to my new friend, Ellen. (Not THAT Ellen! 😉). #doitforEllen\n@GovernorBullock @BillingsClinic @TheEllenShow \n👩🏻‍⚕️😷💪🏽 ', 'https://t.co/rWeXAzFKNZ', 138, 23, 'doitforEllen', 'GovernorBullock , BillingsClinic , TheEllenShow'),
(1337804477559136261, 'xbox', 'PDPgaming', '2020-12-12 18:00:17', 'Today\'s gift of gaming is our LVL50 Wireless Stereo Gaming Headset for #Xbox! Follow @pdpgaming and RT this post for an opportunity to win.\n\nYou can also grab it here: https://t.co/ZQYt3nldWh. ', 'https://t.co/nbLmROZeiQ', 74, 165, 'Xbox', 'PDPgaming'),
(1337892547956338688, 'spiderman', 'ComicBook', '2020-12-12 23:50:14', 'In 2019, Sony and Disney-owned #MarvelStudios had a \"tug of war\" over #SpiderMan director Jon Watts. This week, Kevin Feige revealed the mystery Marvel movie when he confirmed Watts for a rebooted #FantasticFour: \n\nhttps://t.co/A6gpVW12jR ', 'https://t.co/K9n4rEv0AJ', 173, 16, 'MarvelStudios , SpiderMan , FantasticFour', ''),
(1338028593520185346, 'disney', 'lalaakindoju', '2020-12-13 08:50:50', 'Casting Call! Please read instructions and apply if you fit or get your children, wards or any teenagers you know to apply. NO ACTING EXPERIENCE REQUIRED. It’s an opportunity of a lifetime. Send picture and intro video to lala.akindoju@disneympp.com. #GreekFreak #Disney ', 'https://t.co/tysOg97f8T', 94, 115, 'GreekFreak , Disney', ''),
(1338039716663472129, 'sony', 'pushsquare', '2020-12-13 09:35:02', 'Sony Processing Cyberpunk 2077 Refunds for PS5, PS4 Players https://t.co/QUHBByZodq #Repost #Sony #PS5 #PS4 #Cyberpunk2077 ', 'https://t.co/3XKggRNJiw', 1752, 124, 'Repost , Sony , PS5 , PS4 , Cyberpunk2077', ''),
(1338091323686084609, 'lego', 'LEGO_Group', '2020-12-13 13:00:06', 'What’s your favorite #LEGO holiday minifigure? Comment below!  #HappyHolidays #LEGOMinifigures ', 'https://t.co/0mm0ToiQ5d', 1833, 126, 'LEGO , HappyHolidays , LEGOMinifigures', ''),
(1338163682686214147, 'ps4', 'CBR', '2020-12-13 17:47:38', '#Cyberpunk2077: @Sony Offers Refunds For #PS4 Users https://t.co/J7LR7ip8il ', 'https://t.co/topKBf3JfH', 362, 40, 'Cyberpunk2077 , PS4', 'Sony'),
(1338201554952785920, 'blm', 'RashidaTlaib', '2020-12-13 20:18:07', 'They started a fire in a the middle of a public street, yet no police in riot gear to stop them. Imagine if they were #BLM protesters. ', 'https://t.co/upoGVhYRjZ', 3349, 642, 'BLM', ''),
(1338204129592741891, 'blm', 'RashidaTlaib', '2020-12-13 20:28:21', 'The two oldest Black churches in DC were attacked last night. Where is the same outrage from media, political + business folks who seem to be vocal when it came to #BLM protesters? \n\n', 'https://t.co/9y8fecI3qB', 4520, 1374, 'BLM', ''),
(1338244481921892352, 'BillGates', 'yashar', '2020-12-13 23:08:42', '. @BillGates tells @jaketapper: \n\n- Next 4-6 months closures may continue\n \n- Likely best to keep schools open\n\n- By summer we will be way closer to normal. No big gatherings.\n\n- Spread will continue if we don\'t help other countries vaccinate &amp; get high rates of vaccination in US ', 'https://t.co/2k7ap6Sfv9', 1095, 171, '', 'BillGates , jaketapper'),
(1338262888482410499, 'TheEllenShow', 'iamjojo', '2020-12-14 00:21:50', 'got to channel my inner game show host for a #LadyParts segment called ‘Lady Partners.’ Watch as I quiz real couples on their relationships and some new parents on their experience with pregnancy! Head to\nhttps://t.co/ULfQw8m9CC to checkitouttttt 😝 @TheEllenShow ✨ @DrSherylRoss ', 'https://t.co/2kKhkbufgS', 314, 39, 'LadyParts', 'TheEllenShow , DrSherylRoss'),
(1338304679630032897, 'BillGates', 'SaraCarterDC', '2020-12-14 03:07:54', 'Oh, no worries @billGates people like you will be sure to put them all out of business by then... Says me “sadly” ', 'https://t.co/EAwcNwR2PE', 1892, 399, '', 'BillGates'),
(1338308125368184833, 'beer', 'thunderrosa22', '2020-12-14 03:21:36', 'Raise them up for the nay sayers! #sundayvibes #beer #RaiseTheBar ', 'https://t.co/UVUk1gsCyT', 1365, 80, 'sundayvibes , beer , RaiseTheBar', ''),
(1338317316249899009, 'Disney', 'CultureCrave', '2020-12-14 03:58:07', '‘Guardians of the Galaxy 3’ releases in 2023\n\n(via @Disney) ', 'https://t.co/oPt4d4dyjc', 9115, 489, '', 'Disney'),
(1338330378097078273, 'cyberpunk', 'pushsquare', '2020-12-14 04:50:01', 'Cyberpunk 2077 Crashing Still a Major Problem on PS5, PS4 After Patch 1.04 https://t.co/Ag7XfCTL8C #Repost #CDProjektRed #PS5 #PS4 #Cyberpunk ', 'https://t.co/7GeZ6g5ltP', 877, 34, 'Repost , CDProjektRed , PS5 , PS4 , Cyberpunk', ''),
(1338344224870309890, 'ps4', 'XSEEDGames', '2020-12-14 05:45:03', 'Thank you for supporting #GranblueFantasy: Versus! Scheduled maintenance for the Ver. 2.21 update has been completed. Please see the official patch notes here: https://t.co/v2avCaVL4u\n\nYuel is now available on #PS4 and #Steam! ', 'https://t.co/Ln9LSwjlta', 643, 92, 'GranblueFantasy , PS4 , Steam', ''),
(1338360803766972417, 'disney', 'ComicBook', '2020-12-14 06:50:55', 'A new #Disney document suggests #Marvel fans will get a whopping 12 #MCU shows on #DisneyPlus between 2021 and 2022.\n\nhttps://t.co/1DcZgPOzc8 ', 'https://t.co/SULljqMzYb', 165, 16, 'Disney , Marvel , MCU , DisneyPlus', ''),
(1338403719369682944, 'america', 'USAmbNATO', '2020-12-14 09:41:27', 'I was pleased to welcome @GreeceNATO\'s Ambassador Spiros Lambridis to @USNATO for discussions on the challenges &amp; opportunities facing the Alliance today. 🇬🇷 #Greece &amp; 🇺🇸 #America share a long history of friendship &amp; cooperation at @NATO in support of democratic values. ', 'https://t.co/rYNFIae2bl', 146, 37, 'Greece , America', 'GreeceNATO , USNATO , NATO'),
(1338432209737412611, 'linux', 'OracleLinux', '2020-12-14 11:34:40', 'CentOS user?  Feeling abandoned?  #OracleLinux is free to use, distribute, and update. #CentOS #Linux https://t.co/eS2wMlLFXn ', 'https://t.co/yreHCGoAwV', 45, 31, 'OracleLinux , CentOS , Linux', ''),
(1338459984389173248, 'spiderman', 'CBR', '2020-12-14 13:25:02', '#SpiderMan: Ghost-Spider Should Be the NEXT Insomniac Game\nhttps://t.co/6vFMX6Lyaj ', 'https://t.co/KccK2C5JFr', 588, 47, 'SpiderMan', ''),
(1338479563475570696, 'cinema', 'akshayerathi', '2020-12-14 14:42:50', 'The other interesting thing about this list - #ThalaAjith’s #Valimai is 3rd on the chart despite the fact that no teaser / trailer / first look / release date etc has been put out yet! More so, he isn’t even on twitter! Now that’s what you call stardom! #Twitter #Cinema ', 'https://t.co/vzzZokVywb', 4228, 2446, 'ThalaAjith , Valimai , Twitter , Cinema', ''),
(1338491469477318657, 'xbox', 'nintendolife', '2020-12-14 15:30:08', 'Nintendo, PlayStation And Xbox Announce A Shared Commitment To Safer Gaming https://t.co/KzzvSDw689 #Nintendo #PlayStation #Xbox ', 'https://t.co/DGae6DTPEx', 278, 26, 'Nintendo , PlayStation , Xbox', ''),
(1338491568576225282, 'ps4', 'PlayStation', '2020-12-14 15:30:32', 'Danika Hart and JJJ debate the Friendly Neighborhood Spider-Man app in the newest Just the Facts. Download Marvel\'s Spider-Man: Miles Morales today for #PS4 and #PS5 #BeGreater #BeYourself ', 'https://t.co/xl0R8qHUep', 2742, 173, 'PS4 , PS5 , BeGreater , BeYourself', ''),
(1338524218418409472, 'xbox', 'listentobeni', '2020-12-14 17:40:16', 'We\'re giving out x5 #PlayStation5 &amp; x5 #XboxSeriesX &amp; $1,000 each to 12 lucky winners!\n\nHow to qualify:\n- Retweet &amp; like this tweet\n- Follow @listentobeni &amp; turn on notifications\n- Comment #PS5 or #Xbox\n- Tag 3 Friends\n\nGiveaway ends on Dec 21st, 2020 @ 12:30 PM (EST) ', 'https://t.co/y2tvQHADpU', 2022, 1705, 'PlayStation5 , XboxSeriesX , PS5 , Xbox', 'listentobeni'),
(1338529453161459713, 'xbox', 'IGN', '2020-12-14 18:01:04', 'It\'s been a month since #Xbox Series X launched! Has it lived up to the hype?\n\nWe sat down with @jasonschreier, @michaelphigham, and @DMC_Ryan to discuss! https://t.co/boa2vztwUT ', 'https://t.co/VYwmMpw51m', 478, 27, 'Xbox', 'jasonschreier , michaelphigham , DMC_Ryan'),
(1338606671476764673, 'disney', 'GraceRandolph', '2020-12-14 23:07:55', '#MovieMath!\n\nWhy EXACTLY is everyone in Hollywood so upset with #WarnerBros over the #HBOMax announcement?\n\nWhat is \"self-dealing\"?\n\nAnd #Disney\'s updated theatrical release schedule!\n\n', 'https://t.co/wS3aH5NgPJ', 541, 19, 'MovieMath , WarnerBros , HBOMax , Disney', ''),
(1338619818673573893, 'katyperry', 'billboard', '2020-12-15 00:00:09', '.@KatyPerry\'s black hair is back! ❤️ ', 'https://t.co/ePOgKL1Q3V', 3599, 310, '', 'katyperry'),
(1338755219665063936, 'linux', 'vivaldibrowser', '2020-12-15 08:58:11', '\"Vivaldi’s Linux users are growing, no doubt in recognition of its feature set and rapidly evolving functionality.\"\n#Linux\n', 'https://t.co/oAhgV6Whhx', 112, 33, 'Linux', ''),
(1338804943084539906, 'ps4', 'CapcomEurope', '2020-12-15 12:15:46', '\"Show me your motivation!\"\n\nVergil DLC is now available for #DevilMayCry 5 on PC, #PS4 and #XboxOne!\n\n😈 https://t.co/vqK8fvVUyQ ', 'https://t.co/uk9R0zB6cb', 1069, 187, 'DevilMayCry , PS4 , XboxOne', ''),
(1338805343510360065, 'pizza', 'TheDeshBhakt', '2020-12-15 12:17:22', 'Sources: the real reason for #ParliamentWinterSession being cancelled is that all netas want to sneak into #SinghuBorder to have #Biryani &amp; #Pizza ', 'https://t.co/k7Nsf2jxFD', 917, 70, 'ParliamentWinterSession , SinghuBorder , Biryani , Pizza', ''),
(1338806518855000064, 'linux', 'TheHackersNews', '2020-12-15 12:22:02', 'A wormable botnet malware, called \"Gitpaste-12,\" that spreads via #GitHub and Pastebin has returned with expanded capabilities to compromise #Linux servers, web applications, IP cameras, routers, and other #IoT devices.\n\nRead more: ', 'https://t.co/gqbeGpcGLE\n\n#infosec #cybersecurity', 202, 152, 'GitHub , Linux , IoT , infosec , cybersecurity', ''),
(1338808596700803073, 'lego', 'fiat', '2020-12-15 12:30:17', 'To make an icon, you need iconic materials. This is how the collaboration between Fiat 500 and LEGO® was born. Dolcevita has never been more fun. Enjoy the video \n#Fiat #Fiat500 #Lego #LegoFiat500 ', 'https://t.co/KKTGSGn0dA', 394, 106, 'Fiat , Fiat500 , Lego , LegoFiat500', ''),
(1338860449731760130, 'Carol', 'RevRichardColes', '2020-12-15 15:56:20', 'Oh Camembert, oh Camembert,\nI’m very glad you’re sitting there, \nIn you decay and life combine,\nAn odour I prefer to pine #carol ', 'https://t.co/eKEe0MkUa2', 3208, 62, 'carol', ''),
(1338891727734796290, 'xbox', 'atomtickets', '2020-12-15 18:00:37', 'Calling all heroes! We’re giving (5) winners a new @Xbox Series S + #WW84 branded #Xbox controller. TO ENTER: follow us on Twitter, comment w/a pic of your best WW84 cosplay, &amp; use #AtomWW84Sweepstakes No purchase necessary. U.S. only, excl. R.I. T&amp;C’s: https://t.co/t3tvrMhjrq ', 'https://t.co/Py8kQtCOYt', 1251, 152, 'WW84 , Xbox , AtomWW84Sweepstakes', 'Xbox'),
(1338891966013063169, 'cyberpunk', 'BryanDechart', '2020-12-15 18:01:34', '✅ Live in 1 Hour ✅\n\nRetweet &amp; Join us in studying the Origins of the #Cyberpunk Genre on https://t.co/HL4I6wkJzB \n\n#DechartGames researches #Cyberpunk2077 &amp; the TTRPG back to their roots. ', 'https://t.co/Sro3vZDbxy', 273, 51, 'Cyberpunk , DechartGames , Cyberpunk2077', ''),
(1338899121453723651, 'justinbieber', 'TMobile', '2020-12-15 18:30:00', 'While @JustinBieber rehearses for his epic New Year’s Eve concert, we couldn’t wait another second for this special surprise! \n\nRetweet this post for a chance to win a #BieberNYE celebration pack including an exclusive Bieber hoodie, Bluetooth projector, party gear &amp; MORE 🎉 🎆 ', 'https://t.co/gF87BLM8CW', 4305, 3711, 'BieberNYE', 'justinbieber'),
(1338907582363181061, 'cyberpunk', 'BryanDechart', '2020-12-15 19:03:37', 'LIVE NOW, studying the \"Origins of the #Cyberpunk Genre\" on https://t.co/HL4I6wkJzB!  Join us! ', 'https://t.co/5swgcDBnms', 286, 36, 'Cyberpunk', ''),
(1338937194698838016, 'jimmyfallon', 'nbc', '2020-12-15 21:01:18', 'Check out @jimmyfallon &amp; @theroots\' 🔥 remix of the #SBTB theme song! 👇 ', 'https://t.co/bm0ue0KLyL', 620, 57, 'SBTB', 'jimmyfallon , theroots'),
(1338959517187407872, 'obama', 'steve_hanke', '2020-12-15 22:30:00', 'Even w/ a govt lifeline, the Obama-era Crescent Dunes #green plant couldn’t stay afloat. Despite bailouts &amp; tax credits, cost overruns &amp; technical failures rendered the project unviable. #Obama &amp; the govt called the plant a \"success story\" until the end. ', 'https://t.co/PQwoD7KFqt', 1032, 405, 'green , Obama', ''),
(1338971951012974600, 'ps4', 'RatalaikaGames', '2020-12-15 23:19:24', 'Freddy Spaghetti releases this week!\n\nMeet Freddy. Freddy is spaghetti. Oh, and conscious!\nExplore, travel, scare people, and avoid been eaten!\n\nIt\'ll be available on #PS5, #PS4, #XboxOne, #XboxSeriesX &amp; #Switch!\n\n50 RTs➡️1 key until Dec 22nd.\n\nFollow + RT to join! ', 'https://t.co/J6z0OcrBO8', 232, 386, 'PS5 , PS4 , XboxOne , XboxSeriesX , Switch', ''),
(1338974671346290688, 'ddlovato', 'MikeAdamOnAir', '2020-12-15 23:30:13', '\"I Love Me\" by @ddlovato has now sold over ONE MILLION units in the US!! Congrats #DemiLovato! ', 'https://t.co/eC4PoTRCGz', 912, 72, 'DemiLovato', 'ddlovato'),
(1338977204634611713, 'BillGates', 'PoliticalShort', '2020-12-15 23:40:17', 'Give your money away to every small business that is forced to close until you\'re broke @BillGates. I think that\'s appropriate. ', 'https://t.co/A0nbByH5EO', 198, 63, '', 'BillGates'),
(1338986774534696962, 'trump', 'Porter_Anderson', '2020-12-16 00:18:18', 'Media: @Acosta to @wolfblitzer: Asked about @senatemajldr today congratulating @JoeBiden, \"a @WhiteHouse adviser said, \'You Can\'t Always Get What You Want\' -- referring to the song used to signal the end of #Trump rallies. This adviser said: \'It\'s time to cue up Mick Jagger.\'\" ', 'https://t.co/cYgx05ubFk', 1361, 156, 'Trump', 'Acosta , wolfblitzer , senatemajldr , JoeBiden , WhiteHouse'),
(1339016149355343872, 'ps4', 'pushsquare', '2020-12-16 02:15:02', 'The Last of Us 2 Sweeps The Game Awards, Wins Game of the Year https://t.co/3qQU5PF5e7 #Repost #Sony #PS4 #TheLastofUs #TheGameAwards ', 'https://t.co/mHw7FPA4la', 797, 32, 'Repost , Sony , PS4 , TheLastofUs , TheGameAwards', ''),
(1339023642051612672, 'realDonaldTrump', 'TomFitton', '2020-12-16 02:44:48', 'BREAKING: Obama knew. @RealDonaldTrump Declassifies Brennan Notes, CIA Referral on Clinton\'s Russia smears ', 'https://t.co/1IcRn9NqR3', 28842, 12505, '', 'realDonaldTrump'),
(1339046368766267393, 'BillGates', 'dcexaminer', '2020-12-16 04:15:07', '“Bars and restaurants—in most of the country—will be closed as we go into this wave, and I think, sadly, that’s appropriate.\"\n\n@BillGates warns COVID-19 will be a threat for at least another year, and many small businesses will have to close.\n ', 'https://t.co/bnylRopWaf', 38, 28, '', 'BillGates'),
(1339047043713601536, 'windows', 'appleinsider', '2020-12-16 04:17:48', '#Apple’s #M1 #MacBookAir smashes #Windows on #ARM in new benchmarks https://t.co/fjrXEwMhsq ', 'https://t.co/cIhcZtvOle', 291, 25, 'Apple , M1 , MacBookAir , Windows , ARM', ''),
(1339057443771396097, 'ddlovato', 'Z100NewYork', '2020-12-16 04:59:07', 'I\'m #nowblasting this 🔥 @AllTimeLow x @blackbear x @ddlovato #MONSTERS now 🖤🖤🖤 ox @TheEricaAmerica \n\nPS how cute is this throwback gif? ', 'https://t.co/Mc5Ofkk0uo', 399, 48, 'nowblasting , MONSTERS', 'AllTimeLow , blackbear , ddlovato , TheEricaAmerica'),
(1339075934675210242, 'trump', 'Porter_Anderson', '2020-12-16 06:12:36', 'Media: \"Because @realDonaldTrump took tax breaks on Mar-a-Lago from the @townpalmbeach it’s technically classified as a business, and not a residence. #Trump isn’t legally allowed to live there full-time.\" @PalmerReport https://t.co/VwwSrwpmP5 ', 'https://t.co/TaD7EioUqT', 922, 252, 'Trump', 'realDonaldTrump , townpalmbeach , PalmerReport'),
(1339114287139225602, 'Italy', 'RT_com', '2020-12-16 08:45:00', '\'Aunt\' #Etna is upset, spewing smoke &amp; ash into the air #Italy ', 'https://t.co/aepXNjmJe3', 106, 37, 'Etna , Italy', ''),
(1339125680538316800, 'Japan', 'wef', '2020-12-16 09:30:16', 'Japan’s birth rate is declining - and fast. Could AI be the solution? https://t.co/r8wGWlhcaS #Japan #Marriage ', 'https://t.co/sJgeI3DNUG', 52, 19, 'Japan , Marriage', ''),
(1339134710908395521, 'Italy', 'NATOpress', '2020-12-16 10:06:09', 'Lieutenant General Nicola Zanelli from #Italy 🇮🇹 is the new Deputy Commander of the #NATO-led @ResoluteSupport  Mission. NATO Allies &amp; partners are firmly committed to the mission, in support to lasting peace &amp; security benefitting all Afghans.\n\nRead more: https://t.co/xIxjG35db2 ', 'https://t.co/BHCvDHLNaG', 84, 20, 'Italy , NATO', 'ResoluteSupport'),
(1339187211305103368, 'apple', 'appleinsider', '2020-12-16 13:34:46', '#CraigFederighi says that #Apple\'s new #privacy #nutrition #labels are the start of \"something really ambitious,\" that the company wants its rivals to copy. https://t.co/e5J7QP9bZz ', 'https://t.co/BDAcjO0Jng', 385, 26, 'CraigFederighi , Apple , privacy , nutrition , labels', ''),
(1339188526278205441, 'Japan', 'CGTNOfficial', '2020-12-16 13:40:00', '“Twitter killer” sentenced to death in #Japan. ', 'https://t.co/VIZz8J0NqQ', 55, 19, 'Japan', ''),
(1339191546189471744, 'Japan', '1stMAW_Marines', '2020-12-16 13:52:00', '#Marines  with @3d_Marine_Div  observe as a VMM-265 MV-22B Osprey conducts hoist operations during exercise Forest Light 2021 on mainland #Japan to strengthen the interoperability and readiness of the @USMC and @JGSDF_pr to deter aggression and defeat any threat.\n#FightNow ', 'https://t.co/dqNYERArlr', 76, 22, 'Marines , Japan , FightNow', '3d_Marine_Div , USMC , JGSDF_pr'),
(1339199616986673154, 'Japan', 'EarthUncutTV', '2020-12-16 14:24:04', 'Classic #Japan snow scene! ', 'https://t.co/IGYrvbdDnt', 134, 20, 'Japan', ''),
(1339218756216774657, 'France', 'UNESCO', '2020-12-16 15:40:07', '🔴 BREAKING\n\nCraftsmanship of mechanical watchmaking and art mechanics has just been inscribed on the #IntangibleHeritage list.\n \nCongratulations #Switzerland 🇨🇭 and #France 🇫🇷! 👏\n\nℹ️https://t.co/so4lzMLTOo #LivingHeritage ', 'https://t.co/4bWicC2MgI', 113, 39, 'IntangibleHeritage , Switzerland , France , LivingHeritage', ''),
(1339220016051392512, 'america', 'wef', '2020-12-16 15:45:07', 'Who do we spend time with across our lifetime? https://t.co/gXBGeX7WQR #America #Family ', 'https://t.co/hhq5jpr4Lw', 124, 41, 'America , Family', ''),
(1339220363188768770, 'trump', 'OliviaTroye', '2020-12-16 15:46:30', 'Having lived this nightmare with them- Thank you Kyle &amp; Amanda for going public. What happened with @CDCgov &amp; the #Trump #WhiteHouse should never happen again in our country.@RussVought45 @OMBPress repeatedly bullying &amp; overriding science was detrimental to American lives.#Covid ', 'https://t.co/aRERKwqg87', 2179, 611, 'Trump , WhiteHouse , Covid', 'CDCgov , RussVought45 , OMBPress'),
(1339232179465797632, 'Italy', 'SpokespersonCHN', '2020-12-16 16:33:27', 'We thank the envoys from the embassy of the #UAE, #SouthAfrica, #Ethiopia, #Italy and #Ireland for their presence and all the diplomatic corps for their participation. ', 'https://t.co/RIelNcjJsX', 552, 49, 'UAE , SouthAfrica , Ethiopia , Italy , Ireland', ''),
(1339238961106051073, 'marvel', 'GoodSmile_US', '2020-12-16 17:00:24', 'Nendoroid Peter Parker: Spider-Verse Ver. DX is currently available for preorder! Preorders close next week, so be sure to preorder soon!\n\nPreorder: https://t.co/7rjVfdI0uX\nPreorder (US): https://t.co/phjQhkA22a\n\n#marvel #nendoroid #goodsmile ', 'https://t.co/E7aCwWdVJl', 392, 61, 'marvel , nendoroid , goodsmile', ''),
(1339241132497096704, 'apple', 'ABVPKarnataka', '2020-12-16 17:09:02', '\"Communist Student Wing #SFI is behind Apple plant violence in Bengaluru\":  Kolar MP\n\nLocal SFI President is arrested in connection with the riot.\n\nLeft ideology was always towards destruction &amp; pulling down harmony in the society!\n\n#Apple #Wistron ', 'https://t.co/CYnY5ovKDw', 199, 92, 'SFI , Apple , Wistron', ''),
(1339243913585029123, 'katyperry', 'MikeAdamOnAir', '2020-12-16 17:20:05', '\"Last Friday Night (T.G.I.F.)\" by @katyperry has surpassed 400 MILLION streams on Spotify!!! Congrats #KatyPerry! ', 'https://t.co/o1f2hf8GNn', 436, 29, 'KatyPerry', 'katyperry'),
(1339246620236541958, 'ps4', 'CapcomEurope', '2020-12-16 17:30:50', 'Vergil storms into #DevilMayCry 5 as DLC for PC, #PS4 and #XboxOne!\n\nWield Yamato, Beowulf, Mirage Blade, and powerful Devil Trigger forms as Vergil takes on all 20 Missions, Secret Missions and the brutal Bloody Palace!\n\n😈 https://t.co/vqK8fvVUyQ ', 'https://t.co/tTADQYrLzs', 198, 22, 'DevilMayCry , PS4 , XboxOne', ''),
(1339248865409568768, 'katyperry', 'AmericanIdol', '2020-12-16 17:39:46', 'Yassss! @katyperry is the #1 Most Engaging Talent for 2020 on Primetime Series TV! 💙 ', 'https://t.co/iqtjtRcRgz', 320, 57, '', 'katyperry'),
(1339254222118932483, 'justinbieber', 'UMG', '2020-12-16 18:01:03', 'RT if you’re planning on spending New Year’s Eve with @justinbieber! \n\nGet access now.\n↳ https://t.co/A1ZNO9V1Ut ', 'https://t.co/MmdwjASlAy', 682, 256, '', 'justinbieber'),
(1339256589274902529, 'katyperry', 'AmericanIdol', '2020-12-16 18:10:27', '', '@KPInfos_ @katyperry Queen 👑', 313, 25, '', 'KPInfos_ , katyperry'),
(1339258498702594050, 'katyperry', 'billboard', '2020-12-16 18:18:02', '.@katyperry helps drive #AmericanIdol to top of year-end social ranking ', 'https://t.co/a5AIr0rvGM', 1971, 224, 'AmericanIdol', 'katyperry'),
(1339259281078706182, 'ps4', 'TheGirlsOnGames', '2020-12-16 18:21:09', '🎄 Day 3 of 7 days of giveaways thanks to @ubisoftcanada!\n\nRT &amp; Follow to win a copy of #AssassinsCreedOrigins on #PS4!\n\n#UbisoftCanadaGuild *Canada only. Winner picked in 24h ', 'https://t.co/2FP65HqQAf', 21, 38, 'AssassinsCreedOrigins , PS4 , UbisoftCanadaGuild', 'UbisoftCanada'),
(1339262010530250754, 'justinbieber', 'Vevo', '2020-12-16 18:32:00', '.@justinbieber\'s \"Yummy\" started off 2020 on a sweet note, and ends it at #1. \n\n@billieeilish, @ladygaga, @ArianaGrande and more also made our Most Watched Pop Videos chart. 🍨 What was your favorite pop hit?\n⠀⠀⠀⠀⠀⠀⠀⠀⠀\n▶️ https://t.co/oKfmxpW9yE ', 'https://t.co/7e3h3KgeqM', 10857, 1983, '', 'justinbieber , billieeilish , ladygaga , ArianaGrande'),
(1339265635415633921, 'Youtube', 'BarackObama', '2020-12-16 18:46:24', 'I had some fun answering questions about #APromisedLand for BookTube. I talked to creators about everything from fatherhood, to celebrating science at the White House, to the role strong women played in my life. You can watch the full episode on @YouTube: https://t.co/yCydcrqVW4 ', 'https://t.co/VLOBfnjc2z', 22840, 2192, 'APromisedLand', 'YouTube'),
(1339266344836096001, 'France', 'iran_policy', '2020-12-16 18:49:13', 'Political Executions, Terror Plots Demand New Approach To #Iran and Its Foreign Minister\nIranian-European relations encountered a new setback on Saturday when the Islamic Republic executed a #journalist  who had been living as a #refugee  in #France   ', 'https://t.co/aGudpF5N3t', 44, 51, 'Iran , journalist , refugee , France', ''),
(1339276606670565377, 'obama', 'steve_hanke', '2020-12-16 19:30:00', 'Investors wouldn\'t touch the failed #Obama-era Crescent Dunes #green boondoggle. @ENERGY projected the plant would produce up to 482,000 megawatt hours annually. It hasn’t produced that in its lifetime. Now, taxpayers are on the hook for up to $510m. ', 'https://t.co/PQwoD7t4yV', 34, 18, 'Obama , green', 'ENERGY'),
(1339276914314383364, 'cyberpunk', 'MiaMalkova', '2020-12-16 19:31:13', 'My Cyberpunk Ciri! ✨ I’ll be back streaming in a few weeks! Follow my twitch now and turn on notifications! 👉🏻 https://t.co/03zRngTEbZ 🎮⁠\n⁠\n📸 @ElisJournal \n✏️ https://t.co/eaqbhLn3c6\n⁠\n@CyberpunkGame \n@CDPROJEKTRED \n⁠\n #cyberpunk2077  #cyberpunk ', 'https://t.co/sVkJPPhwvA', 9796, 493, 'cyberpunk2077 , cyberpunk', 'ElisJournal , CyberpunkGame , CDPROJEKTRED'),
(1339284378057240576, 'justinbieber', 'Vevo_UK', '2020-12-16 20:00:53', 'Your most addictive pop Christmas tunes are all here in one playlist to get you feeling festive ✨ Join @justinbieber, @MariahCarey  @LittleMix and many more to celebrate! ▶︎ https://t.co/XmlCC4CKaH ', 'https://t.co/z3rqPFKvFS', 233, 53, '', 'justinbieber , MariahCarey , LittleMix'),
(1339301818418032643, 'lego', 'boomaero', '2020-12-16 21:10:11', 'We’re closing our 8 Days of Giveaways with a truly awesome prize: an XB-1 #LEGO kit.\n\nHow to enter: \nRT this post \nLike this post\nFollow us\n\nCreated for XB-1’s rollout, this limited edition kit is worth the wait.\n\nGiveaway ends Dec. 17 at 3pm ET. #BoomSupersonic ', 'https://t.co/19RfXuKJR7', 577, 419, 'LEGO , BoomSupersonic', ''),
(1339308315537362944, 'Japan', '1stMAW_Marines', '2020-12-16 21:36:00', 'Air Assault!\n\n#Marines  with 3d Battalion, 8th Marine Regiment, VMM-265, and troops from the 30th Infantry Regiment, @JGSDF_12b_pr , @JGSDF_pr conduct an air assault during exercise Forest Light 21 in mainland #Japan.\n\n#FightNow\n#FreeAndOpenIndoPacific ', 'https://t.co/dUJArRQCue', 96, 34, 'Marines , Japan , FightNow , FreeAndOpenIndoPacific', 'JGSDF_12b_pr , JGSDF_pr'),
(1339312745536233474, 'linux', 'ubuntu', '2020-12-16 21:53:36', '2020 was the year of Raspberry Pi at Canonical. @Canonical\'s Product Manager, @rhys_the_davies, gives us a roundup of all things Ubuntu on Raspberry Pi as the year comes to a close. #RaspberryPi #opensource #linux\n\n', 'https://t.co/29AuABc4VX', 121, 38, 'RaspberryPi , opensource , linux', 'Canonical , rhys_the_davies'),
(1339314358103371776, 'Italy', 'RT_com', '2020-12-16 22:00:00', 'Mount Etna in #Italy sends a stream of smoke and ash plume into the air ', 'https://t.co/iz1nXTMKOf', 88, 42, 'Italy', ''),
(1339317564078493699, 'Italy', 'ItalyUN_NY', '2020-12-16 22:12:45', 'The Resolution on the global moratorium on #deathpenalty adopted today by #UNGA75 by an overwhelming majority of @UN MS: the highest number of YES -123- ever obtained since 2007, when it was first tabled by #Italy. An important step forward on the path of #HumanRights for all ', 'https://t.co/KWUUAXkJzl', 26, 15, 'deathpenalty , UNGA75 , Italy , HumanRights', 'UN'),
(1339331869217878019, 'BillGates', 'WendyRogersAZ', '2020-12-16 23:09:35', '.@BillGates is a typical unelected tyrant who thinks we have to somehow obey and listen to him. No.\n', 'https://t.co/MTMEULeBhZ', 254, 36, '', 'BillGates'),
(1339340068415221761, 'realDonaldTrump', 'Mike_Pence', '2020-12-16 23:42:10', 'Before we took office, the largest abortion provider in America was also the largest recipient of federal funding under Title 10. Thanks to President @realDonaldTrump, in 2017 I had the honor of casting the tie-breaking vote to allow every state to defund Planned Parenthood. ', 'https://t.co/zaTi4FX0oQ', 21149, 3100, '', 'realDonaldTrump'),
(1339347710843994113, 'trump', 'OliviaTroye', '2020-12-17 00:12:32', 'I’m irate/sickened by this story-certain events in the June/July timeframe in the #WhiteHouse on the #Covid response now make sense to me. I couldn’t fight the #Trump machine anymore. I gave up &amp; quit. The decisions made were going to kill more Americans-but that was their plan. ', 'https://t.co/tPn3BXMNV4', 5149, 1729, 'WhiteHouse , Covid , Trump', ''),
(1339366415053275142, 'apple', 'appleinsider', '2020-12-17 01:26:52', '#Apple hits back at #Facebook, says new #iOS14 ad tracking rules provide user choice https://t.co/dLvdal7TUQ ', 'https://t.co/NH1JUXYZoV', 236, 26, 'Apple , Facebook , iOS14', ''),
(1339366688333164544, 'Youtube', 'glennkirschner2', '2020-12-17 01:27:57', 'How Do You Solve a Problem Like McConnell? You use the courts and go on offense. Here’s how. Because . . . #JusticeMatters ', 'https://t.co/6MIrDVsGVy via @YouTube', 4381, 1309, 'JusticeMatters', 'YouTube'),
(1339367259756752897, 'obama', 'The_NewArab', '2020-12-17 01:30:13', '#Obama admits a well-known but often undeclared fact - democracy in the Middle East has been the least of America\'s priorities ', 'https://t.co/29hC7EUky0', 14, 8, 'Obama', ''),
(1339368480173400067, 'jimmyfallon', 'Marcuskingband', '2020-12-17 01:35:04', 'FOUR HOURS until @FallonTonight. Can\'t wait to share this special performance with yall 💥 TUNE IN to @nbc with @jimmyfallon TONIGHT at 11:35PM ET! ', 'https://t.co/oFtIi4eaPK', 267, 24, '', 'FallonTonight , nbc , jimmyfallon'),
(1339375939369615360, 'apple', 'JohnPaczkowski', '2020-12-17 02:04:43', 'So #Facebook plans to run a second anti-Apple ad tomorrow. This one will claim #Apple is trying to stop the internet from being free. \n\nHere’s some draft text: ', 'https://t.co/Spzx1rwJSc', 221, 84, 'Facebook , Apple', ''),
(1339378474948157441, 'apple', 'appleinsider', '2020-12-17 02:14:47', 'UPDATE: #Facebook is reportedly planning a second attack ad for Thursday that will claim #Apple\'s ad tracking policies are antithetical to a free internet. https://t.co/dLvdal7TUQ ', 'https://t.co/KsTVWjFU2d', 139, 15, 'Facebook , Apple', ''),
(1339383570285137920, 'cyberpunk', 'pushsquare', '2020-12-17 02:35:02', 'Cyberpunk 2077\'s Free PS5 Upgrade to Leverage All New Functions and Technical Possibilities of Next-Gen Console https://t.co/dvyG5UDv5Z #Repost #CDProjektRED #PS5 #Cyberpunk ', 'https://t.co/A3smyd91TT', 55, 8, 'Repost , CDProjektRED , PS5 , Cyberpunk', ''),
(1339384830790930432, 'justinbieber', 'MikeAdamOnAir', '2020-12-17 02:40:02', '#JustinBieber has broken his own record for most monthly listeners for an artist in Spotify HISTORY (75.5M). Congrats @justinbieber! ', 'https://t.co/klTUKo6C0w', 1083, 146, 'JustinBieber', 'justinbieber'),
(1339410338941427714, 'BillGates', 'ValaAfshar', '2020-12-17 04:21:24', 'In 1995, only two years after the birth of the worldwide web, @BillGates tried to explain ‘The Internet’ to David @Letterman\n\n', 'https://t.co/HvRoPF6V1L', 166, 53, '', 'BillGates , Letterman'),
(1339431962042224640, 'apple', 'IndiaToday', '2020-12-17 05:47:19', 'An FIR has been registered against 7,000 unknown people including 5,000 contract workers, in connection with violence and vandalism at the #iPhone manufacturing facility. @nolanentreeo\n#Karnataka #Kolar #Apple\n', 'https://t.co/O1VRRD3EC2', 169, 30, 'iPhone , Karnataka , Kolar , Apple', 'nolanentreeo'),
(1339432634812751872, 'jimmyfallon', 'BravoWWHL', '2020-12-17 05:50:00', 'Tonight\'s throwback clip is dedicated to the moment @JimmyFallon presented @Andy with the shotski to celebrate #WWHL\'s expansion to five nights a week in 2012. #WWHL2000 ', 'https://t.co/9pJ4QOdYAe', 93, 9, 'WWHL , WWHL2000', 'jimmyfallon , Andy'),
(1339488057746190336, 'France', 'WenzelMichalski', '2020-12-17 09:30:14', '#France’s seizure of a mansion from the VP of #EquatorialGuinea as part of a money laundering case had not violated diplomatic privileges. The stolen assets belong to the people of Equatorial Guinea and should be returned to them, not to their government. \nhttps://t.co/Jx5lFXPM6d ', 'https://t.co/2eANLuYvRu', 50, 18, 'France , EquatorialGuinea', ''),
(1339509398511755265, 'ps4', 'pushsquare', '2020-12-17 10:55:02', 'Humanity Has Been Delayed to 2021 https://t.co/UGtCCnXyno #EnhanceGames #PS4 #Humanity #Delays ', 'https://t.co/ndcMXse87m', 67, 10, 'EnhanceGames , PS4 , Humanity , Delays', ''),
(1339535555231510529, 'spiderman', '00obsidian00', '2020-12-17 12:38:58', '#silk #Marvel #marvelcomics #cindymoon #SpiderMan \n\nI worked on Marvel SILK variant cover. Cindy Moon is a Korean character, so I\'ve always been interested in her. It was nice to work on silk like this! Thx @Marvel! \n\n', 'https://t.co/9msTxPJKGG', 100, 52, 'silk , Marvel , marvelcomics , cindymoon , SpiderMan', 'Marvel'),
(1339545130584444929, 'linux', 'RedHat', '2020-12-17 13:17:01', 'Seamlessly managing both @Windows and #Linux containers with #RedHat @OpenShift. Get the details: https://t.co/cgX8PUtFg7 ', 'https://t.co/RQMiJl3p36', 24, 8, 'Linux , RedHat', 'Windows , openshift'),
(1339553439878180866, 'cyberpunk', 'pushsquare', '2020-12-17 13:50:02', 'CD Projekt RED doesn\'t know what\'s going to happen with Cyberpunk 2077\'s multiplayer and DLC yet. https://t.co/NDT9sKl7jq #Repost #CDProjektRED #PS4 #Cyberpunk #DLC ', 'https://t.co/fkUKj3t6V5', 38, 7, 'Repost , CDProjektRED , PS4 , Cyberpunk , DLC', ''),
(1339563497508630528, 'Disney', 'FAMU_1887', '2020-12-17 14:30:00', 'Members of the FAMU Gospel Choir will serenade America on Christmas morning in true @Disney fashion. \n\nThe FAMU Gospel Choir performed three songs in the Disney Parks Magical Christmas Celebration, which will air on @ABC from 10 a.m. to noon on Dec. 25. ', 'https://t.co/cVjNuIrTnz', 88, 42, '', 'Disney , ABC'),
(1339567029637033984, 'ddlovato', 'MsLaToshaBrown', '2020-12-17 14:44:02', 'Good Morning y’all! Today is the day I takeover Demi Lovato’s (IG) Instagram page to talk about @BlackVotersMtr’s work. Make sure to follow both of us on IG at @MsLaToshaBrown and @DDlovato \n\nMake sure y’all stop thru later today on IG to read and check out some of the content. ', 'https://t.co/gbQPL8NRgI', 749, 89, '', 'BlackVotersMtr , MsLaToshaBrown , ddlovato'),
(1339570452918747136, 'France', 'MOFA_Taiwan', '2020-12-17 14:57:38', 'Our best wishes to @EmmanuelMacron &amp; the people of #France🇫🇷 at this challenging time. We\'ve every confidence the president will make a rapid recovery &amp; return to full health. ', 'https://t.co/ST2khnZkW8', 224, 46, 'France', 'EmmanuelMacron'),
(1339572821798825984, 'Italy', 'UNESCO', '2020-12-17 15:07:03', '🔴 BREAKING\n \nNew inscription on the #IntangibleHeritage list: the art of glass beads. \n \nCongratulations #Italy 🇮🇹 &amp; #France 🇫🇷! 👏\n\nℹ️https://t.co/PeHQRIOQME #LivingHeritage ', 'https://t.co/2njNVQIPDM', 101, 31, 'IntangibleHeritage , Italy , France , LivingHeritage', ''),
(1339573765466943489, 'disney', 'Coach', '2020-12-17 15:10:48', 'Coming soon: #DisneyxHaringxCoach—our newest collection featuring artist Keith Haring’s playful illustrations plus everyone’s favorite #Disney 🐭, Mickey. Spotted on #ColeSprouse, #KaiaGerber, #Koki, #XiaoWenJu &amp; #MylesONeal. Be the first to shop: https://t.co/OAu6KNwchH ', 'https://t.co/pI7p5Ckh63', 68, 10, 'DisneyxHaringxCoach , Disney , ColeSprouse , KaiaGerber , Koki , XiaoWenJu , MylesONeal', ''),
(1339577699317116930, 'jimmyfallon', 'PattyJenks', '2020-12-17 15:26:26', 'Loved being on @FallonTonight. Thank you so much for a great conversation @jimmyfallon!!!  So fun. ', 'https://t.co/O8DZSpZigs', 796, 62, '', 'FallonTonight , jimmyfallon'),
(1339578313770201088, 'ddlovato', 'iHeartRadio', '2020-12-17 15:28:52', 'All of us this morning: ❄️ | @ddlovato ', 'https://t.co/VWsCIf2POm', 1334, 234, '', 'ddlovato'),
(1339581135974789120, 'Japan', 'ChinaDaily', '2020-12-17 15:40:05', 'Heavy snowfall in central Japan and along the northern coast isolated communities and cut off power to about 10,000 households, prompting the government to call an emergency meeting on Thursday to address the fallout. #Japan #snow ', 'https://t.co/g3XtPjBUHY', 55, 11, 'Japan , snow', ''),
(1339588191544754177, 'Youtube', 'fireboydml', '2020-12-17 16:08:07', 'Fireboy DML &amp; Wande Coal - Spell (Official Video) ', 'https://t.co/soypZuVq3y via @YouTube', 3865, 594, '', 'YouTube'),
(1339591667393777665, 'Disney', 'michaelgwaltz', '2020-12-17 16:21:56', '.@Disney’s Bob Iger has refused to condemn #China for religious persecution, filming in #Xinjiang where MILLIONS of innocent Muslim Uighurs are imprisoned.\n\nHe’s put conducting business with the #CCP over human rights.\n\nHe should NOT be America\'s next ambassador to China. ', 'https://t.co/Dr8AenIIyK', 85, 75, 'China , Xinjiang , CCP', 'Disney'),
(1339598746330394627, 'katyperry', 'MikeAdamOnAir', '2020-12-17 16:50:04', '\"Cozy Little Christmas\" by @katyperry has now sold over ONE MILLION units in the US! Congrats #KatyPerry!! ', 'https://t.co/8x7G5Qn5fV', 93, 17, 'KatyPerry', 'katyperry'),
(1339601747925352449, 'jimmyfallon', 'Marcuskingband', '2020-12-17 17:01:59', 'Good Times last night on @FallonTonight with @jimmyfallon! 💥 Y\'all can relive the \'Wildflowers &amp; Wine\' performance here: https://t.co/3UMPDTtQWr ', 'https://t.co/fDxfd8CqT2', 53, 7, '', 'FallonTonight , jimmyfallon'),
(1339602910410248194, 'Youtube', 'burnaboy', '2020-12-17 17:06:37', 'Burna Boy - Way Too Big [Official Music Video] ', 'https://t.co/yGKhGyjuZv via @YouTube', 5699, 767, '', 'YouTube'),
(1339603285150298123, 'Italy', 'LastQuake', '2020-12-17 17:08:06', 'M4.0 #earthquake (#terremoto) strikes 10 km W of #Milan (#Italy) 9 min ago. Effects reported by eyewitnesses: ', 'https://t.co/Pvo87NATB3', 32, 37, 'earthquake , terremoto , Milan , Italy', ''),
(1339606491297361926, 'spiderman', 'CBR', '2020-12-17 17:20:50', '#Marvel and #Sony May Have Extended Their #SpiderMan Deal https://t.co/UxhRFuA1oA ', 'https://t.co/ETmxEuhwGo', 173, 37, 'Marvel , Sony , SpiderMan', ''),
(1339608889340219393, 'toys', 'Todd_McFarlane', '2020-12-17 17:30:22', 'Here\'s a CHECKLIST of the McFarlane Toys DC Multiverse action figures we did in 2020.  I\'ll be sharing some of my FAVORITES from this list and you can let ME know which ones are YOUR favorite! #dcmultiverse #toys #mcfarlanetoys #actionfigures ', 'https://t.co/bfJJ3ZZukj', 440, 53, 'dcmultiverse , toys , mcfarlanetoys , actionfigures', ''),
(1339612717498441736, 'realDonaldTrump', 'kayleighmcenany', '2020-12-17 17:45:35', 'President @realDonaldTrump was NEVER afforded a peaceful transition, not even a peaceful 2016 campaign!\n\nThe Obama-era FBI was going after him from the beginning!\n\nGreat reporting by @seanmdav  ⬇️ ', 'https://t.co/5p6J7dzfFK', 29431, 10025, '', 'realDonaldTrump , seanmdav'),
(1339617057361543168, 'xbox', 'PDPgaming', '2020-12-17 18:02:50', 'Let it glow, let it glow, let it glow! Follow @pdpgaming and RT this post for a chance to win our Afterglow Wired Controller for #Xbox.\n\nSnap it up here: https://t.co/O1b6U2aFWS. ', 'https://t.co/YsHehNMMrs', 15, 37, 'Xbox', 'PDPgaming'),
(1339618118889480192, 'imdb', 'Kat_McNamara', '2020-12-17 18:07:03', 'Today’s the day... @CBSAllAccess\n#IMDb @StephenKing #TheStand  ', 'https://t.co/vawFm6kD87', 780, 58, 'IMDb , TheStand', 'CBSAllAccess , StephenKing');
INSERT INTO `tweet` (`tweet_id`, `busqueda`, `screen_name`, `date`, `text`, `link`, `favorite_count`, `retweet_count`, `hashtags`, `user_mentions`) VALUES
(1339625163130847241, 'cyberpunk', 'pushsquare', '2020-12-17 18:35:02', 'Cyberpunk 2077 will take full advantage of all the features and functions of PS5 when its next-gen upgrade launches. https://t.co/dvyG5UDv5Z #Repost #CDProjektRED #PS5 #Cyberpunk ', 'https://t.co/WG6ozJaZAD', 100, 9, 'Repost , CDProjektRED , PS5 , Cyberpunk', ''),
(1339632875482693632, 'netflix', 'behindwoods', '2020-12-17 19:05:41', 'Verithanam 😍🔥\n\n#Dhanush #TheGrayMan #Hollywood #Netflix\n\n@dhanushkraja ', 'https://t.co/Dc5xJR4coT', 2764, 460, 'Dhanush , TheGrayMan , Hollywood , Netflix', 'dhanushkraja'),
(1339635219591098368, 'France', 'France24_en', '2020-12-17 19:15:00', '🚚🚛 Unprecedented numbers of heavy goods vehicles are seeking to cross from #France 🇬🇧 to the #UK 🇬🇧 ahead of #Brexit from the single market this year, creating huge tailbacks around #Calais. ', 'https://t.co/VB0EL4sc0V', 70, 67, 'France , UK , Brexit , Calais', ''),
(1339636088965455873, 'netflix', 'behindwoods', '2020-12-17 19:18:27', 'The Gray Man It Is!! 🔥❤\n\n@dhanushkraja @ChrisEvans @Russo_Brothers #TheGrayMan #Hollywood #Netflix #Dhanush ', 'https://t.co/k3A8bLBOKx', 2111, 398, 'TheGrayMan , Hollywood , Netflix , Dhanush', 'dhanushkraja , ChrisEvans , Russo_Brothers'),
(1339637645647876102, 'netflix', 'LMKMovieManiac', '2020-12-17 19:24:38', '#DhanushEraBegins \n\n#Dhanush in the #TheGrayMan, directed by the #Russo brothers in #Netflix\'s most expensive original feature film till date👌Action thriller based on a novel by Mark Greaney\n\nSo cool @dhanushkraja! Proud moment for all Tamil, South &amp; Indian cinema fans 👍👏 SLAY ', 'https://t.co/LzKckhBJIt', 2901, 697, 'DhanushEraBegins , Dhanush , TheGrayMan , Russo , Netflix', 'dhanushkraja'),
(1339662603006537729, 'tennis', 'TennisChanneli', '2020-12-17 21:03:48', '“The fairy tale continues...” 🥰\n\nHere’s the moment @rogerfederer won his latest and 20th Grand Slam title. 🏆 \n\n#rogerfederer #federer #tennis #ausopen #tbt ', 'https://t.co/r1PSbSSS8y', 85, 17, 'rogerfederer , federer , tennis , ausopen , tbt', 'rogerfederer'),
(1339663103017938945, 'ps4', 'KoeiTecmoUS', '2020-12-17 21:05:48', 'Check out this new #AtelierRyza2 illustration from our GUST team :) \n\nWho\'s ready to join Serri &amp; Ryza on their new adventure on Jan 26, 2021? 🥳🎆\n\nPre-order: https://t.co/QP4JWVoilq\n\n#KTfamily #NintendoSwitch #PS4 #PS5 #PCSteam #AtelierRyza ', 'https://t.co/bZ1kC6ceKj', 380, 99, 'AtelierRyza2 , KTfamily , NintendoSwitch , PS4 , PS5 , PCSteam , AtelierRyza', ''),
(1339674244708352000, 'disney', 'asadayaz', '2020-12-17 21:50:04', '10 years ago today #TronLegacy #Disney @DustinMSandoval ', 'https://t.co/WOBlrzIc6y', 256, 25, 'TronLegacy , Disney', 'DustinMSandoval'),
(1339690594675912704, 'spiderman', 'CBR', '2020-12-17 22:55:02', 'Spider-Man 3: Jon Favreau\'s Foggy Nelson Needs to Join the MCU https://t.co/XCbjhtZfc8\n\n#SpiderMan #SpiderMan3 ', 'https://t.co/sRXP4xKX5G', 83, 7, 'SpiderMan , SpiderMan3', ''),
(1339691849045434369, 'xbox', 'ID_Xbox', '2020-12-17 23:00:01', 'Push, sort and stack to keep your warehouse running in tip-top shape!\n\nPuzzle game Wilmot\'s Warehouse from @FinjiCo, @hllwpnds &amp; Richard Hogg out now on #Xbox &amp; in #XboxGamePass\n\n📦 https://t.co/wcdkfrkyhP ', 'https://t.co/5dKA7XVuZp', 29, 5, 'Xbox , XboxGamePass', 'FinjiCo , hllwpnds'),
(1339692717740183553, 'ddlovato', 'IslandRecords', '2020-12-17 23:03:28', 'Living in NY be like..\n@ddlovato ', 'https://t.co/vjiVDbLNTk', 465, 80, '', 'ddlovato'),
(1339697921478967296, 'jimmyfallon', 'DUALIPA', '2020-12-17 23:24:09', 'Catch me (quite literally) on @FallonTonight TONIGHT 11:35 EST on NBC for a Christmas treaaaat @jimmyfallon ⛄️🤍 ', 'https://t.co/R4Ik0R3uDI', 13203, 1191, '', 'FallonTonight , jimmyfallon'),
(1339698719906701313, 'Youtube', 'corbynbesson', '2020-12-17 23:27:19', 'the slow down video comes out tonight y’all! come hang with us on @YouTube at 7:30pm pst for the video premiere! i know you’re gonna love this one ', 'https://t.co/pwr7J9zXhc', 3892, 395, '', 'YouTube'),
(1339735892177641477, 'spiderman', 'CBR', '2020-12-18 01:55:02', '1994\'s Spider-Man on Disney+ Features a Shot Often Cut From Syndication https://t.co/eFPjhAJQ0B\n\n#SpiderMan ', 'https://t.co/IN8MPUCOny', 25, 5, 'SpiderMan', ''),
(1339740101455171584, 'cyberpunk', 'Mark_Medina', '2020-12-18 02:11:46', 'PLAYSTATION IS REMOVING CYBERPUNK 2077 FROM THE PS STORE.\n\n#Cyberpunk2077 #Cyberpunk #playstation ', 'https://t.co/Kj9XESlvFg', 278, 35, 'Cyberpunk2077 , Cyberpunk , playstation', ''),
(1339755392482480128, 'cyberpunk', 'Gameonysus', '2020-12-18 03:12:31', 'Sony refunding gamers and delisting #Cyberpunk from its store. ', 'https://t.co/jpcFIsqQMC', 350, 38, 'Cyberpunk', ''),
(1339775835549495298, 'netflix', 'rameshlaus', '2020-12-18 04:33:45', 'Actor @dhanushkraja on board #Netflix\'s biggie #TheGrayMan, directed by #TheAvengers directors\' #RussoBrothers, starring #ChrisEvans and #RyanGosling !\n\n#DhanushEraBegins ', 'https://t.co/cRdOXWcTF8', 865, 312, 'Netflix , TheGrayMan , TheAvengers , RussoBrothers , ChrisEvans , RyanGosling , DhanushEraBegins', 'dhanushkraja'),
(1339778242148909056, 'netflix', 'rameshlaus', '2020-12-18 04:43:19', 'The #Netflix movie #TheGrayMan is based on a Novel by the same name, authored by #MarkGreaney \n\nAbout a freelance assassin and former CIA operative.. \n\nThe movie will be shot in various exotic locations.. \n\n#Dhanush ', 'https://t.co/jFL7fDXHPT', 613, 195, 'Netflix , TheGrayMan , MarkGreaney , Dhanush', ''),
(1339837968220004353, 'netflix', 'AthulyaOfficial', '2020-12-18 08:40:39', 'Now that is pride! You are the true inspiration! @dhanushkraja Sir! @russo_brothers @netflix @chrisevans @ryangosling @ana_d_armas looking forward for this boggler! #thegrayman #netflixoriginal #netflix #netflixindia ', 'https://t.co/Ry7wWNGjBQ', 4012, 601, 'thegrayman , netflixoriginal , netflix , netflixindia', 'dhanushkraja , Russo_Brothers , netflix , ChrisEvans , RyanGosling , Ana_d_Armas'),
(1339886887713067010, 'spiderman', 'CBR', '2020-12-18 11:55:02', 'Spider-Man 3 Theory: J. Jonah Jameson Is Behind the MCU\'s Sinister Six https://t.co/uQms3SrCqn\n\n#SpiderMan #SpiderMan3 ', 'https://t.co/VOphp2mw7z', 60, 13, 'SpiderMan , SpiderMan3', ''),
(1339903238041075712, 'ps4', 'koeitecmoeurope', '2020-12-18 13:00:00', 'Behind Door No. 18 of the #KTAdventCalendar is a digital code for #WO4 on either #PS4 or #XboxOne. Wield the power of the gods in this one versus thousands adventure of epic proportions!\n\n🎁Follow &amp; RT for a chance to win!\n🎁T&amp;Cs: https://t.co/w4txa7Jegu\n#KTFamily #FreebieFriday ', 'https://t.co/DA6Um2AOFm', 191, 281, 'KTAdventCalendar , WO4 , PS4 , XboxOne , KTFamily , FreebieFriday', ''),
(1339907494626414592, 'cold', 'kellycass', '2020-12-18 13:16:55', 'Have you dug out yet? This was quite a winter storm! And, now the #cold has settled in, even in the south.\nJoin me, @StephanieAbrams &amp; @JordanSteele as we preview what to expect today AND this last weekend before #Christmas \n@AMHQ 7am to 10am ET ', 'https://t.co/Q7ZbDud2gm', 140, 21, 'cold , Christmas', 'StephanieAbrams , JordanSteele , AMHQ'),
(1339912541569384448, 'netflix', 'behindwoods', '2020-12-18 13:36:58', 'Mr. D Is Truly An Inspiration!! ❤🔥\n\n@dhanushkraja @ChrisEvans @Russo_Brothers #TheGrayMan #Netflix #Dhanush ', 'https://t.co/w463Oj5tfr', 1975, 402, 'TheGrayMan , Netflix , Dhanush', 'dhanushkraja , ChrisEvans , Russo_Brothers'),
(1339915825537572865, 'cyberpunk', 'pushsquare', '2020-12-18 13:50:01', 'Cyberpunk 2077\'s Multiplayer and DLC Not the Focus, As CDPR Preps Rescue Mission https://t.co/NDT9sKl7jq #Repost #CDProjektRED #PS4 #Cyberpunk #DLC ', 'https://t.co/1o8t74zy7j', 48, 4, 'Repost , CDProjektRED , PS4 , Cyberpunk , DLC', ''),
(1339933458206961666, 'lego', 'LEGO_Group', '2020-12-18 15:00:05', 'Season 2 may be coming to an end but our obsession isn’t. Lovely work 📸: thegeekool 👏 👏 👏​\n#LEGO #LEGOStarWars #TheMandalorian ', 'https://t.co/cT301XwTEC', 2086, 161, 'LEGO , LEGOStarWars , TheMandalorian', ''),
(1339934648412090370, 'cyberpunk', 'FuelOnline', '2020-12-18 15:04:49', 'BREAKING GAMER NEWS: Sony is removing Cyberpunk 2077 from the PlayStation Store, will offer refunds to players who already bought it\n\nReasons included a significant performance gap between the PC &amp; PS4/Xbox One version\n\n#Cyberpunk2077 #cyberpunk #Playstation ', 'https://t.co/adaaenJtXE', 12, 5, 'Cyberpunk2077 , cyberpunk , Playstation', ''),
(1339969847069851650, 'Disney', 'nineinchnails', '2020-12-18 17:24:41', 'The soundtrack to @Disney and @Pixar\'s \'Soul\' is available now. Listen to the digital version featuring music from all of the film’s composers: Trent Reznor, Atticus Ross and @JonBatiste: https://t.co/WQndLY8WIS\n\n#PixarSoul is streaming only on #DisneyPlus starting December 25. ', 'https://t.co/xzEJwzkF1H', 1255, 259, 'PixarSoul , DisneyPlus', 'Disney , Pixar , JonBatiste'),
(1339994115442925569, 'ps4', 'XSEEDGames', '2020-12-18 19:01:07', 'Have you met Yuel? This feisty Erune girl was chosen by her clan to recover an ancestral treasure and is accompanied by her lifelong friend Societte! 🔥🦊\n\nShow off with Yuel, the latest DLC fighter to soar onto #GBVS on #PS4 and #PC: https://t.co/tkdJln48ZI ', 'https://t.co/H4xQq8zBKS', 462, 103, 'GBVS , PS4 , PC', ''),
(1340003365732966400, 'disney', 'HillF1', '2020-12-18 19:37:53', 'Imagine if I\'d stacked it in Disneyland. I think I still hold the lap record though #f1 #williamsgp #DisneylandParis #disney #renaultf1 ', 'https://t.co/UnbDGdZStx', 1173, 72, 'f1 , williamsgp , DisneylandParis , disney , renaultf1', ''),
(1340114765453115397, 'america', 'wef', '2020-12-19 03:00:32', 'COVID-19: Most American workers want to keep working from home https://t.co/eOJMxgNUAF #Employment #America ', 'https://t.co/auQTvRWJOo', 79, 34, 'Employment , America', ''),
(1340126281170624513, 'disney', 'GraceRandolph', '2020-12-19 03:46:18', '#Disney is finally getting into more adult content\n\nbut where will it live?! #Hulu? #Star? #DisneyPlus?\n\nFind out all the changes, and new shows, coming like #Alien #Shogun #TheKardashians and more!\n\n', 'https://t.co/HBnFCvux8a', 641, 21, 'Disney , Hulu , Star , DisneyPlus , Alien , Shogun , TheKardashians', ''),
(1340146085994512384, 'spiderman', 'ComicBook', '2020-12-19 05:05:00', 'When #WandaVision starts streaming on January 15, it will have been 563 days since #SpiderMan Far From Home — and #MarvelStudios boss Kevin Feige says the long wait for content has caused \"great anticipation\" for Phase 4 of the MCU: \n\nhttps://t.co/jGZ1dvC29R ', 'https://t.co/vjB7TqS7pL', 270, 29, 'WandaVision , SpiderMan , MarvelStudios', ''),
(1340248014653427712, 'cyberpunk', 'pushsquare', '2020-12-19 11:50:01', 'Cyberpunk 2077 Consistent Crashing Issue Still Not Fixed on PS5, PS4 After Patch 1.05 https://t.co/7siquMwctW #Repost #CDProjektRed #PS5 #PS4 #Cyberpunk #Patches ', 'https://t.co/UGQKdc589N', 759, 50, 'Repost , CDProjektRed , PS5 , PS4 , Cyberpunk , Patches', ''),
(1340295921276432385, 'america', 'PenFed', '2020-12-19 15:00:23', 'Penny Howard was one year old when her Uncle was killed in action during the Vietnam War. He was later awarded the Medal of Honor for his heroic efforts to save others. Her story and many others confirm the importance of the @WreathsAcross mission.\n\n#America #AmericaStrong ', 'https://t.co/lY7v7X8YVf', 52, 19, 'America , AmericaStrong', 'WreathsAcross'),
(1340302215643316228, 'Disney', 'davidmweissman', '2020-12-19 15:25:24', '', '@realDonaldTrump I hope @Disney sues you.', 642, 18, '', 'realDonaldTrump , Disney'),
(1340310922024398848, 'Disney', 'FortniteGame', '2020-12-19 16:00:00', 'Galactus = Defeated!\n\nFor a limited time and in collaboration with @Marvel and @Disney, celebrate victory in The Nexus War with this capsule collection of Fortnite X Marvel gear\n\n#FortniteNexusWar https://t.co/044WoSFjwN ', 'https://t.co/Q7Rb24pYyO', 8342, 398, 'FortniteNexusWar', 'Marvel , Disney'),
(1340327837564362754, 'america', 'PenFed', '2020-12-19 17:07:13', 'Laying the wreaths and saying their names. #WreathsAcrossAmerica #america ', 'https://t.co/I0pvH3WHa3', 115, 36, 'WreathsAcrossAmerica , america', ''),
(1340329806861316098, 'toys', 'nintendolife', '2020-12-19 17:15:02', 'Miyamoto Reveals The New Toy Nintendo\'s Development Team Has Been Working On https://t.co/t9xooxjhL8 #Repost #Nintendo #SuperMario #ShigeruMiyamoto #Toys ', 'https://t.co/zDCadiKJui', 326, 21, 'Repost , Nintendo , SuperMario , ShigeruMiyamoto , Toys', ''),
(1340333592220758022, 'america', 'wef', '2020-12-19 17:30:05', 'Who do you spend the most time with? This chart shows how that may change https://t.co/405N1dstCL #America #Family ', 'https://t.co/fLcYVsYk3c', 74, 37, 'America , Family', ''),
(1340341797411819520, 'cyberpunk', 'MiaMalkova', '2020-12-19 18:02:41', 'Think you could handle holograms of Cyberpunk Ciri? 😊⁠\n\n📸 @ElisJournal\n \n #cyberpunk2077  #cyberpunk ', 'https://t.co/zBrOmglkrv', 13471, 705, 'cyberpunk2077 , cyberpunk', 'ElisJournal'),
(1340356297477255168, 'nintendo', 'XSEEDGames', '2020-12-19 19:00:18', 'ICYMI: #NoMoreHeroes and #NoMoreHeroes 2: Desperate Struggle are discounted on the #Nintendo eShop for a limited time! Save 10% on both games until Jan. 6th, 2021:\n\n💥 NMH1: https://t.co/APBQkpn7Nq\n💥 NMH2: https://t.co/PIXBSr8Maw\n💥 https://t.co/43M9e59jMI ', 'https://t.co/unNREnPv6C', 72, 20, 'NoMoreHeroes , NoMoreHeroes , Nintendo', ''),
(1340367474089472002, 'xbox', 'Stallion83', '2020-12-19 19:44:43', 'GIVEAWAY! 3 Months of Xbox Game Pass Ultimate #xbox\n\nEnter here for your chance to win: ', 'https://t.co/61iHDifBAm', 97, 176, 'xbox', ''),
(1340374732571598848, 'Italy', 'Ruptly', '2020-12-19 20:13:33', 'Long queues form outside #Milan food bank ahead of Christmas amid #COVID19 economic fallout\n\nFULL STORY: https://t.co/8CE2JCDdcq\n#Italy ', 'https://t.co/lrVlDvLEtc', 20, 33, 'Milan , COVID19 , Italy', ''),
(1340386447052988417, 'disney', 'OriginalFunko', '2020-12-19 21:00:06', 'Shop now https://t.co/Q016yBdCQa and celebrate the 80th Anniversary of Disney\'s Fantasia with our new Pop! line! #Fantasia80 #Disney #Funko #FunkoPop ', 'https://t.co/xM3MD802Zb', 584, 59, 'Fantasia80 , Disney , Funko , FunkoPop', ''),
(1340387982038061057, 'marvel', 'ScottMendelson', '2020-12-19 21:06:12', 'Walt Disney\'s #StarWars Isn\'t Turning Into #Marvel. It\'s Turning Into A Version Of The MCU If Almost Every Movie Was \"Hey Guys, Remember IRON MAN?!\" via @Forbes by @ScottMendelson https://t.co/lwBZoD2jKZ ', 'https://t.co/4gAyJbNYhe', 297, 62, 'StarWars , Marvel', 'Forbes , ScottMendelson'),
(1340406494861250560, 'netflix', 'DavidSpade', '2020-12-19 22:19:46', 'NON-OLOGUE (Again) Killing time before the next #netflix #afterparty airs in January #thenetflixafterparty @netflixisajoke ', 'https://t.co/ZmfuixgQ15', 329, 25, 'netflix , afterparty , thenetflixafterparty', 'NetflixIsAJoke'),
(1340406648838508544, 'mandalorian', 'JanellWheeler', '2020-12-19 22:20:23', 'I can’t be the only one who was thinking this. #Mandalorian ', 'https://t.co/HwNzw8W9Kv', 11374, 681, 'Mandalorian', ''),
(1340406806082797569, 'themandalorian', 'CultureCrave', '2020-12-19 22:21:00', 'Mark Hamill on appearing in #TheMandalorian \n\n\"The fact that we were able to keep my involvement a secret for over a year with no leaks is nothing less than a miracle. A real triumph for spoiler-haters everywhere\"\n\n(via @HamillHimself) ', 'https://t.co/J0qIqnslxF', 14255, 941, 'TheMandalorian', 'HamillHimself'),
(1340414265686167552, 'ps4', 'TheGirlsOnGames', '2020-12-19 22:50:39', '7 days of giveaways thanks to @ubisoftcanada just keeps on rollin\'! \n\nDay 6’s game up for grabs is #TheCrew2 on #PS4.\n\nRT &amp; Follow to be entered to win!\n\n#UbisoftCanadaGuild *Canada &amp; US only. Winner picked in 24h ', 'https://t.co/68w9htJl4X', 18, 23, 'TheCrew2 , PS4 , UbisoftCanadaGuild', 'UbisoftCanada'),
(1340426699985608706, 'marvel', 'ComicBook', '2020-12-19 23:40:03', '#Marvel boss Kevin Feige says #SheHulk is going to be a half-hour legal comedy.\n\nhttps://t.co/4iuw0oqbmv ', 'https://t.co/9x7h3xFvSA', 808, 85, 'Marvel , SheHulk', ''),
(1340439441555533824, 'mandalorian', 'DanSlott', '2020-12-20 00:30:41', 'Put him in #Mandalorian Season 3, you cowards. ', 'https://t.co/kAlPNn4lIr', 2785, 275, 'Mandalorian', ''),
(1340444708347195395, 'santa', 'RochieWBZ', '2020-12-20 00:51:37', 'One thing we definitely know....\n\nDr Fauci\'s heart is doing great!\n\n#Santa 🎅🎄❤️ ', 'https://t.co/A1anzw6Nca', 450, 43, 'Santa', ''),
(1340446859731603461, 'marvel', 'OriginalFunko', '2020-12-20 01:00:10', 'Here\'s a closer look at our new Marvel Comics collection!  Pre-Order this Deadpool Deluxe Pop! at @GameStop today! https://t.co/tvN5fDpKs4 #Funko #FunkoPop #Marvel #Deadpool ', 'https://t.co/em4KPWu9cv', 747, 92, 'Funko , FunkoPop , Marvel , Deadpool', 'GameStop'),
(1340452026568720386, 'spiderman', 'ComicBook', '2020-12-20 01:20:42', '#DoctorStrange director Sam Raimi played a \"big role\" in securing the rumored returns of his #SpiderMan trilogy stars in Marvel and Sony\'s #SpiderMan3, according to report: \n\nhttps://t.co/dt90URgthP ', 'https://t.co/uqPeV7VIYD', 2046, 126, 'DoctorStrange , SpiderMan , SpiderMan3', ''),
(1340454657521573888, 'themandalorian', 'IGN', '2020-12-20 01:31:09', 'Like if you can relate to the FEELS 🥺\nRT if you\'re still not over it 😭\n\n#TheMandalorian ', 'https://t.co/r8y4BsFwYC', 2887, 531, 'TheMandalorian', ''),
(1340472437398532097, 'santa', '21WIRE', '2020-12-20 02:41:48', '#Michigan @GovWhitmer who brandishes a #mask on her Twitter profile, is using children in this sick, manipulative #Santa video. Too much of this twist propagandizing of children by a certain group of political operatives. These psychopaths are guilty of the most heinous crimes.. ', 'https://t.co/kPsTZ4Z2lJ', 101, 47, 'Michigan , mask , Santa', 'GovWhitmer'),
(1340479982569545733, 'starwars', 'Stephen_Stanton', '2020-12-20 03:11:47', 'If you were wondering who doubled for young #ROTJ #LukeSkywalker in the #StarWars #TheMandalorian finale, it\'s British actor Max Lloyd-Jones! He did an amazing job &amp; you more than likely have seen him before in Project Blue Book, The Sandlot 2 &amp; War for the Planet of the Apes!⚔️ ', 'https://t.co/KNUUN1AoD2', 1092, 117, 'ROTJ , LukeSkywalker , StarWars , TheMandalorian', ''),
(1340492630384242688, 'mandalorian', 'ryansatin', '2020-12-20 04:02:02', 'Incredibly accurate #Mandalorian finale wrestlememe ', 'https://t.co/EfQdaIB1eR', 1754, 195, 'Mandalorian', ''),
(1340495910829248512, 'marvel', 'OriginalFunko', '2020-12-20 04:15:05', 'RT &amp; follow @OriginalFunko for the chance to WIN this @Target exclusive Black Light Captain America Pop! #Funko #FunkoPop #FunkoGiveaway #Marvel #CaptainAmerica ', 'https://t.co/ZezXoMcH6s', 5006, 9429, 'Funko , FunkoPop , FunkoGiveaway , Marvel , CaptainAmerica', 'OriginalFunko , Target'),
(1340565851574038533, 'marvel', 'ComicBook', '2020-12-20 08:53:00', '#MoonKnight will be full of action and deal with mental health issues, says #Marvel boss Kevin Feige\nhttps://t.co/VZ5yTO7ldS ', 'https://t.co/TJp807My9V', 592, 55, 'MoonKnight , Marvel', ''),
(1340582994982014983, 'asia', 'MOFA_Taiwan', '2020-12-20 10:01:07', '#Taiwan🇹🇼 is a fortress of freedom. Just ask @CatoInstitute &amp; @FraserInstitute. The country rose to 19th on the 162-strong #HFI &amp; is the 3rd most free in East #Asia. Its 8.42 score tops the 6.93 average &amp; helps earn the accolade of 4th biggest gainer in human freedom since 2008! ', 'https://t.co/YhGYLHgvqg', 360, 92, 'Taiwan , HFI , Asia', 'CatoInstitute , FraserInstitute'),
(1340583199068438528, 'hot ', 'filmibeat', '2020-12-20 10:01:56', 'Hotness Alert! Winter\'s here but can you\'ll feel it? Naaah! We neither as Nikki Tamboli is steaming our weekend and how!🔥🤩\n\n#NikkiTamboli #hot #stunning #beautiful #sunday #weekendvibes #weekendmood #planetmediapr ', 'https://t.co/5oShvl5pMf', 65, 26, 'NikkiTamboli , hot , stunning , beautiful , sunday , weekendvibes , weekendmood , planetmediapr', ''),
(1340583925085655041, 'hot ', 'filmibeat', '2020-12-20 10:04:49', 'How many hearts for this heartthrob @imrealasim\n💞💞💞\n#bollywood #bollywoodactor #bollywoodceleb #bollywoodnews #asimriaz #hot #handsome ', 'https://t.co/BAucmwd6kt', 868, 366, 'bollywood , bollywoodactor , bollywoodceleb , bollywoodnews , asimriaz , hot , handsome', 'imrealasim'),
(1340590293578608640, 'asia', 'wef', '2020-12-20 10:30:07', 'Asian Development Bank launches $9 billion COVID-19 vaccine facility https://t.co/LRVnYwQUsl #COVID19 #Asia ', 'https://t.co/mFDwHlGN0x', 63, 20, 'COVID19 , Asia', ''),
(1340590678473105408, 'Christmas', 'Iromg', '2020-12-20 10:31:39', 'Isn’t it great to see @AndrewMarr9 slagging off the ordinary people of the UK for travelling home for #Christmas while taking their money to fund his drinking habits. Unbelievable #DefundTheBBC @BBC ', 'https://t.co/bW5HNWEHGy', 3187, 552, 'Christmas , DefundTheBBC', 'AndrewMarr9 , BBC'),
(1340599079387205634, 'nintendo', 'nintendolife', '2020-12-20 11:05:02', 'Random: Nintendo Extracts Customer\'s Missing Wedding Ring From Their Wii U https://t.co/wlEdECgJaj #Repost #Random #WiiU #Nintendo ', 'https://t.co/t5eRv0MOpi', 195, 18, 'Repost , Random , WiiU , Nintendo', ''),
(1340642467167707138, 'africa', 'MOFA_Taiwan', '2020-12-20 13:57:26', 'We\'re delighted to see @Taiwan_SLD Rep. Lou &amp; @musebiihi holding talks on issues at the center of the #Taiwan-#Somaliland friendship. The 2 sides are partners in promoting freedom, democracy, sustainable development &amp; shared prosperity in the Horn of #Africa &amp; around the world. ', 'https://t.co/q3nE5KG7ZK', 332, 82, 'Taiwan , Somaliland , Africa', 'Taiwan_SLD , musebiihi'),
(1340649402122252289, 'Italy', 'RT_com', '2020-12-20 14:25:00', '#Belgium and #Italy put #UK on \'no flights in or out\' list\n', 'https://t.co/Xr9BfAu7QO', 35, 19, 'Belgium , Italy , UK', ''),
(1340649558603382784, 'spain', 'swajones', '2020-12-20 14:25:37', 'As #Spain faces third wave of #Covid singer plays to 5,000-strong audience ', 'https://t.co/b8lVqUXQLE', 79, 38, 'Spain , Covid', ''),
(1340658215885922306, 'xbox', 'WiredP', '2020-12-20 15:00:01', '🎄5 Days until #Wiredmas 🎁\n\nASCEND FALCONEERS! \nTodays gift is a copy of #TheFalconeer for #Xbox or PC - just in time for The Kraken update!\n\n1️⃣ Follow us\n2️⃣ Retweet with #Wiredmas &amp; your platform of choice\n3⃣ We\'ll pick a winner tomorrow!\n\n#COMPETITION Ends 2pm 21/12\n\n#Giveaway ', 'https://t.co/T4qqHUJIAJ', 332, 288, 'Wiredmas , TheFalconeer , Xbox , Wiredmas , COMPETITION , Giveaway', ''),
(1340660754089975815, 'uk', 'KochMediaUK', '2020-12-20 15:10:06', '👊 #ADVENT #GIVEAWAY DAY 20 👊\n\nToday\'s prize is a copy of #Shenmue3 on PS4, plus a limited edition Light Box! 💡\n\n1️⃣ Follow us\n2️⃣ Retweet with #KochmasDay20 and tag a friend\n\n#COMPETITION #UK only. Ends 21/12 @ 11AM. T&amp;Cs: https://t.co/BQDiJfFtZ6 ', 'https://t.co/BTVUCB7RyI', 450, 461, 'ADVENT , GIVEAWAY , Shenmue3 , KochmasDay20 , COMPETITION , UK', ''),
(1340665761841344522, 'Italy', 'Ruptly', '2020-12-20 15:30:00', 'A long queue formed on the street as #Milan residents lined up to access the #PaneQuotidiano food bank on Saturday, less than a week before #Christmas.\n#Italy ', 'https://t.co/gm8f8k2Vmd', 20, 30, 'Milan , PaneQuotidiano , Christmas , Italy', ''),
(1340669541794394112, 'BillGates', 'wef', '2020-12-20 15:45:01', 'Bill Gates: 5 good books for a lousy year @BillGates https://t.co/4bFfltfNdk #2020 #books @WEFBookClub ', 'https://t.co/8mntu6i1cB', 135, 37, 'books', 'BillGates , WEFBookClub'),
(1340669690096594945, 'covid', '21WIRE', '2020-12-20 15:45:37', 'Just like that, suddenly, without any real scientific evidence, the Mainstream Media have decided this supposed new #strain of #COVID is \"more transmissible\" - and governments then react by shutting borders! This is a new level of insanity now. These people are out of control... ', 'https://t.co/SBklvbu4nN', 665, 286, 'strain , COVID', ''),
(1340672274173669376, 'blm', 'MartinDaubney', '2020-12-20 15:55:53', 'Keir Starmer’s 2020\n\nQ1: Hope everybody forgets I backed the People’s Vote to cancel Brexit\nQ2: Elected Leader, #TakeTheKnee to #BLM\nQ3: Agree with Boris on lockdowns\nQ4: Suspend Corbyn for 5minutes; agree with Boris on lockdowns\n\nWe have no Opposition 😩 ', 'https://t.co/nqaAaQKGdW', 340, 80, 'TakeTheKnee , BLM', ''),
(1340693200760156164, 'realDonaldTrump', 'IvankaTrump', '2020-12-20 17:19:02', 'The Children\'s Garden was a gift from  President &amp; Mrs. Johnson to @WhiteHouse in 1968.\n\nHandprints of Presidents\' children and grandchildren are embedded in the garden\'s paved pathway. 10 bronze pavers were added by @FLOTUS, handprints of each of @realDonaldTrump grandchildren. ', 'https://t.co/Sk07NawnWQ', 35727, 4400, '', 'WhiteHouse , FLOTUS , realDonaldTrump'),
(1340699248225103874, 'netflix', 'PaulBullionLive', '2020-12-20 17:43:04', 'Last year I sat down &amp; popped on #netflix knowing I\'d be taking on Lambert for season 2 of @witchernetflix . As soon as I saw my bro Geralt surface in that swamp in ep 1 I thought...Yeh this is my Jam!\n\n Happy #Witchmas &amp; well done for getting through this year. See you in 2021 x ', 'https://t.co/KKo6W1efL8', 519, 19, 'netflix , Witchmas', 'witchernetflix'),
(1340700592080076801, 'starwars', 'ErikDavis', '2020-12-20 17:48:24', '“No one’s ever really gone...”\nThe finale of #RogueOne vs the finale of #TheMandalorian Season 2. The balance of #StarWars at its best. \nTwo moments. Instant classics. \n🔥Spoiler Warning 🔥 ', 'https://t.co/glBWvbAqhj', 336, 30, 'RogueOne , TheMandalorian , StarWars', ''),
(1340703508740227077, 'themandalorian', 'themandalorian', '2020-12-20 18:00:00', '“Wherever I go, he goes.” Search “the Child” on Google and tap “view in 3D” to bring him into your space. #TheMandalorian #Google3D ', 'https://t.co/f6KSUDOmbK', 14925, 1888, 'TheMandalorian , Google3D', ''),
(1340707076784467969, 'starwars', 'GraceRandolph', '2020-12-20 18:14:10', 'Showing my parents the new Luke Skywalker scene yesterday:\n\nDad: How can he do all that?\nMe: He’s using The Force!\nMom: Did you say he took a course?\n\n🤣😂🤣 Yeah, at the Y! What do you do with YOUR Saturdays?! \n\n#StarWars ', 'https://t.co/zuQcVONaTo', 1151, 33, 'StarWars', ''),
(1340710530621685760, 'covid', 'donwinslow', '2020-12-20 18:27:54', 'This is bad. \n\nBut what is worse is how the Trump administration and corrupt Republican Governors like @GovRonDeSantis have manipulated and suppressed #COvid-19 data across the country resulting in the deaths of many Americans.\n\n', 'https://t.co/erpn6Aea63 via @Yahoo', 893, 380, 'COvid', 'GovRonDeSantis , Yahoo'),
(1340723041421172736, 'france', 'SputnikInt', '2020-12-20 19:17:37', '#BREAKING | #France suspends passenger and human-handled freight transport from the UK for 48 hours https://t.co/bZowOMIUFp\n\n#SputnikBreaking ', 'https://t.co/hQAarFGAVi', 15, 22, 'BREAKING , France , SputnikBreaking', ''),
(1340731198981726211, 'ps4', 'pushsquare', '2020-12-20 19:50:02', 'The Last of Us 2 Dominates Biggest Ever PS Blog Game of the Year Poll https://t.co/jiLbnXVyE0 #Repost #Sony #PS5 #PS4 ', 'https://t.co/62zTONsogp', 662, 35, 'Repost , Sony , PS5 , PS4', ''),
(1340732940213497861, 'europe', 'FaceTheNation', '2020-12-20 19:56:57', 'ICYMI: We asked @Surgeon_General and @ScottGottliebMD about a new strain of #coronavirus spreading across #Europe. \n\nShould Americans be concerned? Here\'s what they told @margbrennan 👇 ', 'https://t.co/sym5MySExT', 91, 44, 'coronavirus , Europe', 'Surgeon_General , ScottGottliebMD , margbrennan'),
(1340733707930521600, 'france', 'Ruptly', '2020-12-20 20:00:00', '\'#YellowVest\' protesters rallied in front near the Council of State in #Paris on Saturday, carrying colourful umbrellas in support of a demonstrator who had been arrested at a protest against the #securitybill in November.\n#France ', 'https://t.co/lNsHZ6Tg2J', 15, 15, 'YellowVest , Paris , securitybill , France', ''),
(1340733969386647558, 'Christmas', 'bmstores', '2020-12-20 20:01:02', '🎅 B&amp;M #CHRISTMAS #COMPETITION 🎅\n\nWe\'re giving away this brilliant pair of #JBL #Bluetooth headphones in the second of our #Christmas comps!\n\nFor a chance to #WIN, simply FOLLOW/RT &amp; COMMENT YOUR favourite song! #BMChristmas!\n\nCompetition ends 4pm 21/12/20 (TOMORROW!) ', 'https://t.co/xm8PvEe21w', 697, 873, 'CHRISTMAS , COMPETITION , JBL , Bluetooth , Christmas , WIN , BMChristmas', ''),
(1340742250146349056, 'starwars', 'bobafettfanclub', '2020-12-20 20:33:56', 'Fan-made mod for #StarWars Battlefront II (2017 version) by SiRME and DankFerrik with #BobaFett\'s newest look, now up on NexusMods for downloads: https://t.co/Rb8LTzsy6P 🔖 ', 'https://t.co/HRfkG4sXcO', 885, 50, 'StarWars , BobaFett', ''),
(1340743241377955842, 'france', 'Ostrov_A', '2020-12-20 20:37:53', 'Seldom a day goes by in #France without a report of Jew hatred and #Antisemitism. It is just so ingrained. Guess it’s liberté, égalité, fraternité for all ... except French Jews? @ambfranceisrael @francediplo_EN ', 'https://t.co/CCKbbuS2Yf', 48, 27, 'France , Antisemitism', 'ambfranceisrael , francediplo_EN'),
(1340748870381416448, 'disney', 'OriginalFunko', '2020-12-20 21:00:15', 'Celebrate the 80th Anniversary of Disney\'s Fantasia 💫 with our new Pop! line! https://t.co/dau6U54jG4 #Fantasia80 #Funko #FunkoPop #Disney ', 'https://t.co/L8IJ3UkdAF', 679, 82, 'Fantasia80 , Funko , FunkoPop , Disney', ''),
(1340759111781076992, 'covid', 'donwinslow', '2020-12-20 21:40:57', 'If Dr. Brix is part of the Biden administration I will make a video A DAY about how many people died because of her lies and launch a big $$$ ad campaign until she is removed.\n\nOur videos surpassed 100 million long ago.\n\nI will interview families of the #Covid dead who blame Brix ', 'https://t.co/RNeScBTmYN', 4757, 1023, 'Covid', ''),
(1340760339139313664, 'mandalorian', 'JimLee', '2020-12-20 21:45:49', 'Drawn with affection during my semi-regular live art stream on https://t.co/uhArHuzIbk. Wrong captions only... #babyyoda #thisistheway #lospolloshermanos #mandalorian #themandalorian ', 'https://t.co/OTSFWgB3Qg', 1681, 263, 'babyyoda , thisistheway , lospolloshermanos , mandalorian , themandalorian', ''),
(1340763857443237888, 'france', 'FCDOtravelGovUK', '2020-12-20 21:59:48', '#France French government have announced they will be restricting air, car, ferry and train travel from the UK to France from 24:00 (CET) 20 December for 48 hours https://t.co/jXJMjkoh7v ', 'https://t.co/tbsoSzBMhH', 17, 16, 'France', ''),
(1340763935839047681, 'themandalorian', 'OriginalFunko', '2020-12-20 22:00:07', 'RT &amp; follow @OriginalFunko for the chance to WIN this @Walmart exclusive The Child Force Wielding Pop! #Funko #Funkogiveaway #Thechild #grogu #TheMandalorian #DisneyPlus ', 'https://t.co/xY5jQqmC4c', 6325, 10476, 'Funko , Funkogiveaway , Thechild , grogu , TheMandalorian , DisneyPlus', 'OriginalFunko , Walmart'),
(1340766349363179521, 'america', 'RonColeman', '2020-12-20 22:09:42', 'Currier and Ives, eat your hearts out\n\n#America ', 'https://t.co/2kuOJPdiBI', 465, 54, 'America', ''),
(1340771487314190336, 'starwars', 'THR', '2020-12-20 22:30:07', '#StarWars: Newly surfaced \'Empire\' footage gives heartwarming look at Carrie Fisher https://t.co/kfJ1SycDDi ', 'https://t.co/QY2v0cvhjW', 241, 42, 'StarWars', ''),
(1340774267386916865, 'santa', 'metrofirepio', '2020-12-20 22:41:10', 'We are happy to report #Santa is uninjured and will be ready for #Christmas next week, but perhaps with a new sleigh! ', 'https://t.co/muYQex4zYU', 52, 20, 'Santa , Christmas', ''),
(1340777418081099780, 'covid', 'GlennBBC', '2020-12-20 22:53:41', 'FM @NicolaSturgeon calling for #Brexit extension as #covid causes France to close border with UK\n\n@scotgov expected to take part in Cobra meeting with @BorisJohnson in the morning\n\nNicola Sturgeon to chair meeting of Scottish resilience committee, to discuss freight disruption ', 'https://t.co/ATfGHEiRI3', 1122, 327, 'Brexit , covid', 'NicolaSturgeon , scotgov , BorisJohnson'),
(1340786355522060290, 'nintendo', 'ComicBook', '2020-12-20 23:29:12', 'A new #YuGiOh game announced for the #Nintendo Switch\n\nhttps://t.co/4nLYW2ANsf ', 'https://t.co/jqwj63MK72', 52, 10, 'YuGiOh , Nintendo', ''),
(1340787814678495232, 'starwars', 'RottenTomatoes', '2020-12-20 23:35:00', 'Hayden Christensen is set to return to the #StarWars universe as Darth Vader. We\'ve got all the latest updates on the galaxy far, far away. ', 'https://t.co/80lddes75U', 388, 30, 'StarWars', ''),
(1340789148169465858, 'spain', 'GarbiMuguruza', '2020-12-20 23:40:18', 'Out and about, a sequence ❤️ #Marbellaedition #Sundaynight  #Marbella #Spain ', 'https://t.co/N98CY7O1lk', 1814, 62, 'Marbellaedition , Sundaynight , Marbella , Spain', ''),
(1340793581146148865, 'Disney', 'SenTedCruz', '2020-12-20 23:57:55', 'The Chinese Communist Party’s censorship is being carried out by Hollywood billionaires like @Disney\'s Bob Iger – who we’re now told could be the next ambassador to China. At the end of ‘Mulan’ Disney even thanked the jackbooted thugs running concentration camps in China. ', 'https://t.co/onPpT2iqBc', 10230, 4133, '', 'Disney'),
(1340799191342301186, 'starwars', 'EW', '2020-12-21 00:20:12', '.@HamillHimself is celebrating his return to the #StarWars universe. ', 'https://t.co/W3GVnsDpCq', 1161, 77, 'StarWars', 'HamillHimself'),
(1340802158938173442, 'france', 'MSF', '2020-12-21 00:32:00', 'In #France, the pandemic has highlighted and increased social inequalities.\n\nIt has also complicated access to healthcare and essential services for people who were already in a precarious situation in the country, at a time when they needed them most. ', 'https://t.co/VrvniKENDr', 11, 8, 'France', ''),
(1340808456811532289, 'france', 'Jerusalem_Post', '2020-12-21 00:57:01', 'Miss Provence @AprilBenayoum, first runner-up in #MissFrance2021 pageant, faced strong #Antisemitic attacks online for revealing her father\'s origin: Israel.\n\nReport by @Sarah_Chemla | #France | #MissProvence  \n\n', 'https://t.co/lLoTs0ndfI', 33, 27, 'MissFrance2021 , Antisemitic , France , MissProvence', 'AprilBenayoum , Sarah_Chemla'),
(1340818022076968960, 'cyberpunk', 'pushsquare', '2020-12-21 01:35:02', 'Cyberpunk 2077 Patch 1.05 Out Now on PS5, PS4, Promises Improved Stability, Main Quest Bug Fixes, Better Enemy AI, and More https://t.co/wPIxqlkY4R #Repost #CDProjektRed #PS5 #PS4 #Cyberpunk #Patches ', 'https://t.co/RecWyJBvR4', 46, 4, 'Repost , CDProjektRed , PS5 , PS4 , Cyberpunk , Patches', ''),
(1340822499181752321, 'Italy', 'DDNewslive', '2020-12-21 01:52:49', '#Italy joins other European nations in suspending travel from #Britain in response to a new #coronavirus strain spreading there ', 'https://t.co/SY4dE1V9fF', 62, 10, 'Italy , Britain , coronavirus', ''),
(1340836346013888518, 'africa', 'IMFNews', '2020-12-21 02:47:51', 'Largely unknown outside central #Africa, the African forest elephant contributes to natural carbon capture—something of tremendous value to societies and to economies, writes IMF’s Ralph Chami in #FandD: https://t.co/kELmBsa266 ', 'https://t.co/l37yZlReM9', 92, 25, 'Africa , FandD', ''),
(1340857321342214144, 'themandalorian', 'SWTweets', '2020-12-21 04:11:11', '\"Like father, like son\"\n\n#TheMandalorian | 📷 @vadersanakin ', 'https://t.co/eU4yQgZzej', 4037, 457, 'TheMandalorian', 'vadersanakin'),
(1340857683658813442, 'realDonaldTrump', 'HerschelWalker', '2020-12-21 04:12:38', 'Things are starting to get interesting so any Republican or Democrat wanting the @realDonaldTrump to concede must really have something to hide. @POTUS, you have millions and millions True Americans that believes in you! #StopTheSteaI ', 'https://t.co/VgmdjYc4Ih', 12023, 3422, 'StopTheSteaI', 'realDonaldTrump , POTUS'),
(1340865959188451329, 'spiderman', 'CBR', '2020-12-21 04:45:31', 'Acclaimed #SpiderMan Animator Doug Crane Dies at 85 https://t.co/Mp3c7wm0QB ', 'https://t.co/Ji793pwkvy', 134, 22, 'SpiderMan', ''),
(1340866136917696515, 'starwars', 'Daniel_Logan', '2020-12-21 04:46:13', 'I am overwhelmed &amp; touched by all the ideas, comments &amp; support you are all showing for me to, in some way, return as #BobaFett. I hope to! But know, if I don’t, I am so honored to have been a part of such a loved character &amp; to be a part of #StarWars. Thank you everyone! MTFBWY ', 'https://t.co/oOCwxJlyKc', 1659, 94, 'BobaFett , StarWars', ''),
(1340871273711161350, 'asia', 'samirsaran', '2020-12-21 05:06:38', 'We have done better than most had predicted and some had wished ... \n\nWe have done poorer than most in the region and #Asia\n\nLots to be done in responding effectively... the #pandemic will shape communities and countries in #2021 ...\n\nLearn from the harsh lessons of #2020 ', 'https://t.co/Ebgah7EKur', 117, 18, 'Asia , pandemic', ''),
(1340872992281268224, 'marvel', 'ComicBook', '2020-12-21 05:13:28', 'One #Vegas sportsbook says Giancarlo Esposito has the best odds at playing #DrDoom in #Marvel\'s upcoming #FantasticFour reboot.\n\nhttps://t.co/55sMk2pTHY ', 'https://t.co/KLi80G4s0v', 806, 54, 'Vegas , DrDoom , Marvel , FantasticFour', ''),
(1340873297639043072, 'themandalorian', 'SWTweets', '2020-12-21 05:14:41', 'In the Original Trilogy, C-3PO has a silver leg \n\nIn #TheMandalorian Finale, RA-7 has a gold leg ', 'https://t.co/AYTDawbEly', 6660, 403, 'TheMandalorian', ''),
(1340884771463901185, 'lego', 'AvidProTools', '2020-12-21 06:00:16', '🎸 SOUND ON — Lego EDM guitar\n\n📷 https://t.co/DnvBzBoKwG\n\n#edm #guitar #electronic #lego #music #recording #sound #avid ', 'https://t.co/3BeMYqzTxg', 22, 7, 'edm , guitar , electronic , lego , music , recording , sound , avid', ''),
(1340887975887048704, 'covid', 'timeshighered', '2020-12-21 06:13:00', 'Privacy fears as China keeps tracking student locations: daily check-ins launched during the #Covid outbreak appear to be increasingly normalised\n', 'https://t.co/dX8tR7gkvZ', 338, 367, 'Covid', ''),
(1340888608232808448, 'cyberpunk', 'BlrCityPolice', '2020-12-21 06:15:31', '#cyberpunk may refund you for buggy gameplay, but cyberfrauds won’t. Your money stolen by online fraudsters is as good as gone. Practice caution. Don’t be an innocent victim. Stay #CyberSafe ', 'https://t.co/QlKl0Xz08i', 84, 17, 'cyberpunk , CyberSafe', ''),
(1340889581298753536, 'Italy', 'Ruptly', '2020-12-21 06:19:23', '#Military patrols crowded #Milan train station ahead of travel ban in #Italy ', 'https://t.co/oCFMj7XLLd', 14, 14, 'Military , Milan , Italy', ''),
(1340898543855259652, 'starwars', 'ComicBook', '2020-12-21 06:55:00', '#TheMandalorian Season 2 finale becomes the #StarWars show\'s highest-rated episode on release weekend: \n\nhttps://t.co/OPokVVanBf ', 'https://t.co/VFXI3YbbFA', 374, 39, 'TheMandalorian , StarWars', ''),
(1340919679146029056, 'Italy', 'NewsroomPostCom', '2020-12-21 08:18:59', 'Italy detects new mutated Covid-19 strain in UK returnee, travel halted from Britain\n|#Italy #COVID19|\n\n', 'https://t.co/c6DtXo0Iko', 19, 11, 'Italy , COVID19', ''),
(1340926944150433792, 'france', 'Jerusalem_Post', '2020-12-21 08:47:51', 'French Health Minister: Possible that new #COVID variant is circulating in #France\n\n', 'https://t.co/JMhWNGJJ7x', 12, 10, 'COVID , France', ''),
(1340927656028618752, 'asia', 'Taiwan_Today', '2020-12-21 08:50:41', 'Human Freedom Index ranks #Taiwan🇹🇼 3rd in #Asia, 19th globally ', 'https://t.co/CLh8WCtBva', 165, 33, 'Taiwan , Asia', ''),
(1340945136319082496, 'xbox', 'koeitecmoeurope', '2020-12-21 10:00:08', 'Save 60% on #DW8Empires and 30% on #WO4U when you purchase them in the #Xbox Countdown Sale!\n\n BUY NOW:\n🎮 https://t.co/A314IpBGF0\n🎮 https://t.co/TsrpHz1pTl ', 'https://t.co/D78KPFFduX', 18, 7, 'DW8Empires , WO4U , Xbox', ''),
(1340953679738728448, 'asia', 'IFRCAsiaPacific', '2020-12-21 10:34:05', '#RedCross and #RedCrescent teams play a crucial role in helping people prepare for, cope with, and rebuild after all kinds of crises and shocks.\n\nThis year in #Asia and the #Pacific, they were busier than ever. ', 'https://t.co/JEyInd2VHf', 19, 5, 'RedCross , RedCrescent , Asia , Pacific', ''),
(1340954312755830784, 'asia', 'forum_asia', '2020-12-21 10:36:36', 'Launch! 📢\n\nThis brief by the Asian NGO Network of National #HumanRights Institutions (ANNI) and \n@forum_asia, presents a broad overview of the interventions made by #NHRIs in #Asia during the #COVID19 #pandemic.\n\n#fa4parisprinciples #fa4humanrights 👇\n', 'https://t.co/EpwVqzIwpw', 7, 6, 'HumanRights , NHRIs , Asia , COVID19 , pandemic , fa4parisprinciples , fa4humanrights', 'forum_asia'),
(1340956452610060297, 'ps4', 'pushsquare', '2020-12-21 10:45:06', 'PS Store January Sale Starts Tomorrow, Promises \'Huge Savings\' https://t.co/qU8TSltsKd #Sony #PS5 #PS4 #PlayStationStore ', 'https://t.co/bzEpuWAzqe', 136, 25, 'Sony , PS5 , PS4 , PlayStationStore', ''),
(1340956840570576897, 'lego', 'OrkneyLibrary', '2020-12-21 10:46:39', 'Remember you\'ve still got today and tomorrow to send us a photo of your #Christmas Lego creations - send them as replies to the tweet below and we\'ll include them all in our online Christmas #Lego exhibition on Christmas Eve 🎅🎄👇 ', 'https://t.co/AD8Y4sxjDD', 16, 6, 'Christmas , Lego', ''),
(1340966144023252992, 'tennis', 'walshcee', '2020-12-21 11:23:37', 'The 2021 @AustralianOpen will be more #tennis, less festival as #Covid restricts fan engagement activities, which has led to some impairment negotiations with key sponsors for the event. ', 'https://t.co/lwPzf0tVpF', 13, 7, 'tennis , Covid', 'AustralianOpen'),
(1340975714095353857, 'netflix', 'Dharmatic_', '2020-12-21 12:01:39', 'Stories that are striking a chord with the audience around the globe! \n#Guilty, #FabulousLives and #GunjanSaxena - The Kargil Girl made it in the popular titles of #Netflix! ', 'https://t.co/vVeBHuIlQu', 61, 8, 'Guilty , FabulousLives , GunjanSaxena , Netflix', ''),
(1340980638963310592, 'covid', 'tehseenp', '2020-12-21 12:21:13', 'Now that UK to India flights have also been stopped owing to the new strain of  #COVID virus in Britan, we request Hon\'ble PM shri #NarendraModi ji not to have Boris Johnson here in India &amp; once again repeat the mistake Modiji made while having the #Trump event. \n#COVID20 ', 'https://t.co/YZCYnBvQkO', 999, 341, 'COVID , NarendraModi , Trump , COVID20', ''),
(1340986624340090881, 'europe', 'France24_en', '2020-12-21 12:45:00', '@yinka_oyetade @EmmanuelMacron #France 🇫🇷 shut its border to arrivals of people and trucks from the #UK 🇬🇧, closing off one of the most important trade arteries with mainland #Europe. \n\n🚆We spoke to some French travellers at #Paris\' Gare du Nord who left Britain right before the ban took effect ⤵️ ', 'https://t.co/qtilVKzuke', 26, 22, 'France , UK , Europe , Paris', 'yinka_oyetade , EmmanuelMacron'),
(1340987418049130503, 'europe', 'ecfr', '2020-12-21 12:48:09', '#Europe has a legitimate interest in maintaining close relations with #Morocco. But this should not come at the expense of its commitment to international law and #Sahrawi rights. @h_lovatt \n\n', 'https://t.co/eSxwhJkinK', 23, 16, 'Europe , Morocco , Sahrawi', 'h_lovatt'),
(1340987890151677952, 'ps4', 'pushsquare', '2020-12-21 12:50:02', 'Cyberpunk 2077 recorded an 80% drop in sales as part of the latest UK sales chart, allowing Assassin\'s Creed Valhalla to take first place for Christmas. https://t.co/CCFXRKMGRR #Repost #UK #Sales #Charts #PS5 #PS4 ', 'https://t.co/bXFnP05Lat', 43, 5, 'Repost , UK , Sales , Charts , PS5 , PS4', ''),
(1340990406444498952, 'uk', 'KochMediaUK', '2020-12-21 13:00:01', '☃️ #ADVENT #GIVEAWAY DAY 20 ☃️\n\nBe the 11th team on the grid this Christmas with #F12020 on PS4, Xbox One or Steam! 🏁\n\n1️⃣ Follow us\n2️⃣ Retweet with #KochmasDay21 and your platform\n\n#COMPETITION #UK only. Ends 22/12 @ 11AM. T&amp;Cs: https://t.co/BQDiJfnSAw ', 'https://t.co/t0keZylkED', 353, 364, 'ADVENT , GIVEAWAY , F12020 , KochmasDay21 , COMPETITION , UK', ''),
(1340999972242804737, 'disney', 'TheHistoryPress', '2020-12-21 13:38:02', '#Disney\'s Snow White and the Seven Dwarfs, the world\'s first full-length animated film, was released #OTD 1937 https://t.co/SuETofSkpt ', 'https://t.co/TNPrwZwfVA', 4, 6, 'Disney , OTD', ''),
(1341001701382242304, 'europe', 'GermanAmbTHA', '2020-12-21 13:44:54', 'Luckily @PirkkaTapiola  and I could host our outdoor event #Europe means Business in #Thailand before the new #SARSCov2 cases were discovered. #GreenRecovery, FTA and more discussed. @MFAThai @EUinThailand ', 'https://t.co/j9kTmcoID5', 8, 7, 'Europe , Thailand , SARSCov2 , GreenRecovery', 'PirkkaTapiola , MFAThai , EUinThailand'),
(1341009274164502528, 'europe', 'France24_en', '2020-12-21 14:15:00', '@yinka_oyetade @EmmanuelMacron @BenedictePaviot 🇬🇧 🚚 #Truck drivers tried to navigate the #travel bans to get back home in time for #Christmas 🎄\n\n🛒 Meanwhile, #Sainsbury\'s said gaps will start to appear on shelves within days if transport ties are not quickly restored with mainland #Europe.\n\n', 'https://t.co/AKyhKvPESU', 23, 14, 'Truck , travel , Christmas , Sainsbury , Europe', 'yinka_oyetade , EmmanuelMacron , BenedictePaviot'),
(1341010387366395905, 'europe', 'latestly', '2020-12-21 14:19:25', 'Night Curfew in Maharashtra From December 22 to January 5; 14-Day Institutional Quarantine Mandatory For Passengers Arriving From Europe and Middle East\n#NightCurfew #Maharashtra #UnitedKingdom #Europe #MiddleEast #UddhavThackeray \n@CMOMaharashtra \n', 'https://t.co/P8wSUAoU0Y', 5, 4, 'NightCurfew , Maharashtra , UnitedKingdom , Europe , MiddleEast , UddhavThackeray', 'CMOMaharashtra'),
(1341013962616229890, 'themandalorian', 'disneyplus', '2020-12-21 14:33:38', 'The Book of Boba Fett, a new Original Series, starring Temuera Morrison and @MingNa Wen and executive produced by @Jon_Favreau, @Dave_Filoni, and Robert @Rodriguez, set within the timeline of #TheMandalorian, is coming to #DisneyPlus Dec. 2021. ', 'https://t.co/vAoPWpxquq', 7239, 1042, 'TheMandalorian , DisneyPlus', 'MingNa , Jon_Favreau , dave_filoni , Rodriguez'),
(1341016663685251079, 'starwars', 'ErikDavis', '2020-12-21 14:44:22', 'Some #StarWars clarification: #TheBookOfBobaFett is coming next December. It will not run alongside season 3 of #TheMandalorian. As Favreau says here, Mando Season 3 will go start production after next year’s Boba Fett show. \n', 'https://t.co/8cKF15dw7g', 379, 87, 'StarWars , TheBookOfBobaFett , TheMandalorian', ''),
(1341020611263553537, 'africa', 'wef', '2020-12-21 15:00:03', 'Fresh waves of locusts threaten to decimate farms across eastern Africa https://t.co/vKx0KFkEh6 #Africa #FoodInsecurity ', 'https://t.co/UUyccn7q0N', 36, 27, 'Africa , FoodInsecurity', ''),
(1341024935267938306, 'europe', 'France24_en', '2020-12-21 15:17:14', '🔴 #BREAKING: #Europe\'s medicines regulator has approved the use of the #Pfizer/#BioNTech #COVID19 #vaccine, putting Europe on course to start inoculations within a week 💉🦠\n\nFrance 24\'s @abdelmassive brings us the latest ⤵️ ', 'https://t.co/dDAaO16cGW', 57, 22, 'BREAKING , Europe , Pfizer , BioNTech , COVID19 , vaccine', 'abdelmassive'),
(1341027547446951936, 'spain', 'SpainMFA', '2020-12-21 15:27:37', 'The Government of #Spain, together with #Portugal, will suspend from tomorrow the entry into the Spanish territory of citizens from the #UnitedKingdom, except nationals or residents in our country.\n\nBorder control in #Gibraltar will also be strengthened. ', 'https://t.co/rgP9oSdAyC', 114, 73, 'Spain , Portugal , UnitedKingdom , Gibraltar', ''),
(1341028149564456965, 'europe', 'ecfr', '2020-12-21 15:30:00', 'Only 30 mins to go! Don\'t miss the discussion \"Sovereign #Europe, Hostile World\", with ECFR Director @markhleonard and @JosepBorrellF, HR/VP.\n\nLive stream: ', 'https://t.co/VyBWCYl1Zr #Europeansovereignty', 5, 4, 'Europe , Europeansovereignty', 'markhleonard , JosepBorrellF'),
(1341028730853011457, 'starwars', 'RottenTomatoes', '2020-12-21 15:32:19', 'The official title treatment for #TheBookOfBobaFett.\n\nStarring: Temuera Morrison and Ming-Na Wen\n\nExecutive Produced By: Jon Favreau, Dave Filoni and Robert Rodriguez\n\nThe new #StarWars original series premieres in December 2021. ', 'https://t.co/aDUk5bXBfR', 618, 75, 'TheBookOfBobaFett , StarWars', ''),
(1341029931921383426, 'themandalorian', 'nerdist', '2020-12-21 15:37:05', 'Like my father before me... #TheMandalorian ', 'https://t.co/TlkmBmQ9zv', 2150, 425, 'TheMandalorian', ''),
(1341031787225616385, 'themandalorian', 'getFANDOM', '2020-12-21 15:44:27', 'Jon Favreau confirms that #TheMandalorian S3 will go into production straight after \'The Book of Boba Fett,\' which is filming now\n\n(via @GMA) ', 'https://t.co/bg2lbIbihq', 2718, 288, 'TheMandalorian', 'GMA'),
(1341032315879878662, 'cold', 'metoffice', '2020-12-21 15:46:33', 'Today, parts of the southwest are exceptionally #mild for late #December!! All will change by #Christmas though with the #cold weather spreading to all areas ', 'https://t.co/QRWq1Hm6WL', 37, 5, 'mild , December , Christmas , cold', ''),
(1341035714105012224, 'europe', 'en_germany', '2020-12-21 16:00:04', 'According to #German Health Minister @jensspahn, the virus #mutation has \"no impact on #vaccination\" as things stand. But to prevent it from spreading to continental #Europe, air traffic with the UK has been stopped for the time being. \n\n#QuoteoftheDay #mutation #infections ', 'https://t.co/RU2MLPUA6K', 25, 8, 'German , mutation , vaccination , Europe , QuoteoftheDay , mutation , infections', 'jensspahn'),
(1341058439318036485, 'xbox', 'GamesRadar', '2020-12-21 17:30:22', '#Xbox Game Pass could adopt a family subscription plan ', 'https://t.co/gaRiSO3d2l', 11, 7, 'Xbox', ''),
(1341060838510084097, 'starwars', 'MingNa', '2020-12-21 17:39:54', 'Surreal. \n\n#TheBookOfBobaFett \n#TheMandalorian \n#StarWars \n#BobaFett #FennecShand 🧡🧡🧡 ', 'https://t.co/RvUx0cbliP', 1046, 81, 'TheBookOfBobaFett , TheMandalorian , StarWars , BobaFett , FennecShand', '');
INSERT INTO `tweet` (`tweet_id`, `busqueda`, `screen_name`, `date`, `text`, `link`, `favorite_count`, `retweet_count`, `hashtags`, `user_mentions`) VALUES
(1341069772369215488, 'europe', 'IATA', '2020-12-21 18:15:24', 'See statement on border closures for the #UK from @IATA\'s Regional VP for #Europe ➡️ https://t.co/os8ZLGNLsy\n\n#aviation #Test4Travel ', 'https://t.co/GNYNv1N8Mg', 55, 25, 'UK , Europe , aviation , Test4Travel', 'IATA'),
(1341074713477574661, 'ps4', 'pushsquare', '2020-12-21 18:35:02', 'PS Store January Sale Starts Tomorrow, Promises \'Huge Savings\' https://t.co/qU8TSltsKd #Repost #Sony #PS5 #PS4 #PlayStationStore ', 'https://t.co/7r8DWNMkir', 63, 10, 'Repost , Sony , PS5 , PS4 , PlayStationStore', ''),
(1341084267787350016, 'ps4', 'PlayStation', '2020-12-21 19:13:00', 'Miles is truly the best of us. Marvel’s Spider-Man: Miles Morales enters the Editors\' Choice pantheon. More top picks: https://t.co/Y2q2De652a #PS4 #PS5 ', 'https://t.co/ZihuPwUbuS', 1739, 120, 'PS4 , PS5', ''),
(1341102734674513922, 'xbox', 'KoeiTecmoUS', '2020-12-21 20:26:23', 'These titles are currently on sale for Switch &amp; Xbox check out the current deals! \n\n#Xbox \n60% off \n#DW8Empires: https://t.co/d4hSeftSBl\n30% off \n#WO4U: https://t.co/dX6szI2gHF\n\n#NintedoSwitch \n\n30% off\n#DW8XLCE: https://t.co/sCLhDXoSLo\n#WO4U: https://t.co/PO1twWa0HO\n\n#KTfamily ', 'https://t.co/6Fsj47obEb', 34, 12, 'Xbox , DW8Empires , WO4U , NintedoSwitch , DW8XLCE , WO4U , KTfamily', '');

-- --------------------------------------------------------

--
-- Estructura de tabla para la tabla `user`
--

CREATE TABLE `user` (
  `user` varchar(40) NOT NULL,
  `mail` varchar(40) NOT NULL,
  `password` varchar(50) NOT NULL
) ENGINE=InnoDB DEFAULT CHARSET=utf8mb4;

--
-- Volcado de datos para la tabla `user`
--

INSERT INTO `user` (`user`, `mail`, `password`) VALUES
('andsa', 'adksln@niads.com', 'aa135e7ea73a34077129f002f76acf399f9544ae'),
('tu', 'fladf@ndlsa.com', 'a3da4c6307d230e1f1c8ad62e00d05ff1f1f5b52'),
('yo', 'fsfln@ndsa.com', 'c41975d1dae1cc69b16ad8892b8c77164e84ca39');

--
-- Índices para tablas volcadas
--

--
-- Indices de la tabla `record`
--
ALTER TABLE `record`
  ADD PRIMARY KEY (`record_id`);

--
-- Indices de la tabla `tweet`
--
ALTER TABLE `tweet`
  ADD PRIMARY KEY (`tweet_id`);

--
-- Indices de la tabla `user`
--
ALTER TABLE `user`
  ADD PRIMARY KEY (`user`);

--
-- AUTO_INCREMENT de las tablas volcadas
--

--
-- AUTO_INCREMENT de la tabla `record`
--
ALTER TABLE `record`
  MODIFY `record_id` int(11) NOT NULL AUTO_INCREMENT, AUTO_INCREMENT=259;
COMMIT;

/*!40101 SET CHARACTER_SET_CLIENT=@OLD_CHARACTER_SET_CLIENT */;
/*!40101 SET CHARACTER_SET_RESULTS=@OLD_CHARACTER_SET_RESULTS */;
/*!40101 SET COLLATION_CONNECTION=@OLD_COLLATION_CONNECTION */;
